RH,wind_dir,wind_spd,temp
44.242360581102524,212.40903044860016,4.934479152607548,21.215067424267534
41.51377876314114,297.3896573563836,22.172487283395117,28.416385148866645
45.8955239372319,338.9965736198985,13.253142807879582,23.41733588393988
48.86053196153393,225.5901130613049,8.619912077706353,25.83045414389918
41.201031337695945,308.8417536972861,13.28719054906605,34.06362687348579
44.73832033889661,205.47415252344024,15.651263993535402,22.322756864172245
30.112925758773358,291.9535072103382,11.696310277003231,25.924854480717485
39.568816606713725,280.5410290081358,1.7421548675224976,33.17546952917274
47.645705284291516,286.42180877953916,13.971843254099149,24.2495243163544
43.82792951172331,326.52404383064567,6.735671110518384,23.840770072392324
39.0702157126981,221.91050507875414,17.04701174931703,18.86822525191543
44.79294056836907,242.39810861028883,6.114378998721344,24.496733141294957
32.73991461463113,242.64922251995,2.4556719177020376,25.7278635661489
35.3064256093145,292.05404687346834,3.971422943298645,15.226033871681205
42.786961214080335,213.96172646868115,14.44898891073484,21.89864740439757
39.75316361878744,285.36250368307833,15.26285006346262,26.165893755887197
48.96997754569213,211.85799670788668,19.11765817974561,23.78024772492035
48.872589648361,214.2519898014903,-0.44348847569858485,24.35637466229873
43.23828133765525,216.28985682928928,18.410749214145156,23.541461995209417
48.78900901217712,242.40104939579743,14.861321698904222,19.54097371768146
48.60278483544651,230.25585538650978,20.16092652473533,23.812694593593168
42.15567000795808,213.44192405525246,6.396727976772563,25.0045572718105
39.57502080042078,228.76159897191206,13.342575425909473,26.443695299232807
44.90733919044706,274.6984517424519,12.598112144658831,29.676491205754257
36.48966060624532,227.91306303287186,15.141550642304978,28.034604832242017
43.751076673144055,316.39563512479185,10.914899152464068,19.255745749640397
43.270601423900104,272.0930784027271,5.038476261060469,24.32715679235851
48.5792052560662,223.5091987405167,8.760871069335018,26.563961629525814
34.537002852979754,273.4397289299471,13.356098093697502,25.300746598259934
32.48477206058407,297.6050762130358,11.046547170344137,27.5981936023864
45.95720057817188,267.9368011553451,10.046626955085586,27.86756641429935
41.040181074823074,242.6341705090688,9.392589386958765,24.834454558131053
30.972263916386538,265.7813370565867,12.47362163712938,21.16381595071482
32.824486264281305,329.2876346136543,10.51417158729412,25.750713930782755
46.38108789155034,292.38242420258877,13.189397964154201,21.468889396960485
43.20799927777901,203.39871516015438,13.293120629953963,16.592971707977746
34.26356824026123,221.57321579499848,18.099493932158023,20.621086288722548
27.208716447363017,257.8416982465804,4.518348271748739,29.998330692568484
44.7154482522991,192.51776002372372,21.073332321651478,28.42795920251864
48.69566871169133,214.51055677639735,9.882155020934679,19.100720256488685
23.94982313811655,269.4839604528012,14.857102889847269,30.960867200182477
45.64489289373536,250.50037975916882,11.23951467150389,35.735957562245716
35.01919735521464,344.44720367859406,14.192732670125087,23.553223512396045
45.16962380459003,282.48465731857345,19.899264509153486,18.588247143771767
48.114865205455814,199.79907257167102,13.473082335037928,22.051019582283253
49.218637166938244,236.71047173401524,12.164033734874439,26.90179814292055
39.95668837025683,223.93365225505454,9.847888880745286,25.406536048850846
39.848321162471876,222.84490791088484,14.890743064445484,30.523200823982627
37.31446697383816,269.17534424499746,11.357518098361908,16.908321360694174
44.01029271482666,292.0266248263258,8.123921173237017,23.093064918256083
34.279994919556806,241.62113283357428,5.124772615781772,17.467055620507058
46.77614149046315,281.5512693755165,4.881302101787253,24.970107111182017
42.14642014482803,206.9518833334805,12.884106487537146,18.90980889463307
38.59617342011121,339.1709145092053,13.745546246235726,24.891325119613754
40.627198481913396,313.774730344031,8.7564835095414,25.01952360430249
47.60189196869345,200.75013671760513,11.289374898001466,17.465987494176673
42.58556057587042,227.96983319812324,-0.21845979645438796,25.538533175493065
48.68250729465556,265.2317893387685,10.493547847247962,26.063842082672984
34.876532045092596,227.51126566200182,24.063327758676955,13.46227492372332
35.412998786081154,251.57181177038976,17.783856465882145,28.061268182770974
40.11789085207156,254.9703518288097,14.172277332057746,26.055641961080795
49.30195911316967,249.85296451466468,14.396235660391987,21.749177134558494
46.31882875557908,192.19017683510012,6.137801298284448,26.29744039030416
49.94497277128271,252.13196282929255,9.943863967757274,13.82300551188951
37.44143220685341,208.09628027729445,15.447144748911882,27.53030765248479
39.738878297268954,224.0663221645069,15.288620859365958,35.735255318001116
38.08593237734804,282.02574351494695,10.254503769633011,29.26653370923738
36.76033546219006,227.9053796539152,7.975777809428878,25.699759143729707
49.000349999126485,259.8947917470306,1.338637869788208,28.621933651692782
47.96261073110255,238.7581291450717,5.1864724494789405,27.72262699761376
48.6127531626719,314.17415880970424,12.367422583110255,24.199874957462406
19.18563129432379,277.9648660969697,3.939090470875593,26.723424329184283
37.76412514855332,238.15618296713757,14.570290937071578,30.932620536391735
44.55854378994732,279.0420596741211,9.501929476025367,30.604997435285636
37.5246659798965,268.86948274396906,16.81627025290885,16.504521158490295
28.4668858950914,228.0541957957774,2.2581063283977443,22.446349267737457
36.06783062589082,292.0603691710552,13.431494284000461,19.996742554494073
41.267815331301506,289.3410540099371,10.620135805562061,22.71381419803989
36.161628126366494,212.81380753128516,7.045709498245158,27.451144051196
36.222372755110534,251.84598952184984,10.7406453016011,20.41011295408327
49.11592886955544,248.81905933304247,10.84370831210803,20.141653874185252
40.577632901003696,194.93065386731678,9.889603998711477,21.83692023052093
43.7209015391725,318.78695356668624,16.679031079146554,24.919782581698797
49.14540226419952,267.73807888603193,4.449727984218496,23.27131051237485
49.52424860814945,325.3913668465422,1.1798462195790957,19.123677851696453
35.21999676759381,222.8878385013561,14.445010153068521,23.65810730577969
43.496160072148655,244.54304604148956,-0.1384335787379083,29.14492300171142
47.69930818955444,299.3739622560396,20.28719834665339,22.705241829453236
31.542108136769343,281.24131034065965,11.662476179009039,23.99958031341673
33.67549394256643,237.72843753565502,5.993255764422937,30.16529280252258
39.98039581212131,322.0150703914031,13.6674904678556,25.0871163594386
45.75205381873808,291.6893869914903,16.386478432985598,30.030816757220677
48.63373755002601,329.69224777755176,19.500583743807443,27.042761261069558
34.24977046917221,279.56645418428565,11.805409219134798,23.780219261820957
41.87509960130963,224.89774502560022,19.185952412100036,22.159159001285165
33.702484227116436,220.23105535828944,12.088584848022677,28.62613718338544
46.315149499456,314.11084940139324,13.354596540097749,36.958538760876856
47.19618988578073,219.61248571233028,12.628039640515022,24.787981764077198
43.73372925315353,209.3987353376316,13.069125189825119,21.85481184066648
38.30826533520689,278.6318451882345,15.970105907494776,23.421442588991457
48.51473832081906,241.01090248767525,12.35199674491345,19.977595033548365
46.42480747745719,238.6692583621848,3.8260983385440177,18.75197388526935
44.12503550948945,272.9169260145841,13.517649307811503,17.913596494917574
45.13882299191063,206.37298560869212,11.8827613636428,34.11317171516516
44.57466888274739,245.97305403276727,16.795877181475692,26.9702921971383
46.99940220079712,306.5183925758662,17.636540183026266,26.62786755744118
35.521717283181296,220.53711931630562,8.08408705929967,27.91725723964265
41.36750889276101,290.47147775298276,15.799895152060612,31.997414707026692
43.98929291064428,242.18345828463865,23.51131299011184,29.659821453244263
38.21729863046592,320.6366405202373,13.48096973380412,28.02534877227854
45.23315183577246,210.72438880433484,9.926143680190847,29.27148077841048
49.82141944337005,236.4368158909793,15.230038950423788,34.98242435686886
40.78703055420902,212.14675488210315,16.444043141533143,18.81334203683582
26.388631382660066,194.14961731040248,11.897555768063214,19.355623245174133
43.364586264404316,299.91926644022124,10.45195578789506,22.92118443161244
46.25882651706393,190.92806820669168,4.669950129130799,23.720100345181322
45.21242417265154,193.30532375966754,12.428781149855386,27.964999018998213
11.455159844756544,275.13742834926893,1.8704143269108346,27.390117205745
48.58619063529318,280.0809718263757,13.40098811604783,22.08695088216121
46.67755530314084,261.7817114229699,18.436224477233573,14.25092950456248
28.301552615160546,257.9170142319252,19.68519257306246,18.17989323989914
45.20710530868884,231.06854559041702,7.884509030129014,26.58238782063229
47.417636882135895,191.10574857126036,16.174176042587874,15.908377607366207
49.657194845902865,215.2173457181975,21.29873410227501,17.27310068275601
46.4854574084972,286.5324887265423,2.955342464538518,23.540836128647346
49.48612549831205,204.53715584391296,8.587332094868868,27.86359957890626
29.48425528419142,255.40684527489975,7.20322537705188,21.276783582890438
45.65406159660245,215.62286790883843,10.598108618680389,34.42286048209915
48.81694966482014,279.9974789551265,15.35097155681111,22.566138527564757
32.59955314163369,232.91247801597194,4.401435089883227,20.290030751288946
43.346383120309426,251.2138836572262,10.14890527802889,23.61088145223965
44.325074548405944,239.90097983340326,12.620862466177702,24.456539057500017
37.71198146372956,208.71617194175502,13.431958774949308,19.91810847303403
42.664178871224024,344.5847605038149,8.043072071772437,26.01878597677651
38.98550606370645,272.89157382086637,16.74119102258318,25.39677213190942
48.79452440570469,238.95463742446756,15.913639116210348,27.484355767901825
41.58063465164398,191.14884467835174,9.53796425741885,18.310156362138603
47.6858471884478,263.82630697718105,16.09881210634627,23.687610389195314
33.86822851593341,244.38031377696154,16.309320960612453,18.470439720160314
48.6891898196035,219.69897639654047,18.495832968432047,32.890278004172416
37.18471499850787,218.57956239868224,15.994311430114902,25.162069091653077
43.84212492845377,256.68210214257584,6.66054037731319,25.040653204887533
34.7705701157792,283.08308070156454,-1.4527386842739354,27.970202267654862
45.534707778546505,199.8831033379718,19.715430004369633,21.99791744926293
49.78851384045285,333.78252422560087,11.201094395691129,19.12685143882079
36.68784898472741,244.56742589905457,15.725445155635,26.135780083296932
40.183438493505584,190.11861266344164,13.936797445420003,21.53222569928525
35.58812837481788,265.3169125364804,17.591964129939726,22.743083472192204
43.047170479998925,192.69799005555674,16.583995440046674,31.52275621619138
48.99713753250693,292.4165550641261,12.521486254255345,31.181242203658684
45.88909016276162,213.60035127530188,16.22720980808578,26.17842696217167
35.745809786846976,264.8534011397137,14.160644187455697,28.721151663644577
36.715828742772764,300.86236492239846,8.063335215238176,18.7827374181158
29.419380530001085,287.7582602616374,7.672055921387417,26.73821080420557
38.711938303424844,312.37250543252566,17.135135694989494,28.054934947079072
48.78818342248749,232.6564931838656,6.535869589681648,23.95664968137971
42.523874673178454,239.7307847835193,8.989733979445205,26.845227092408305
35.31457158913997,208.32348800162583,14.387098820071305,25.345086149011685
49.13571349040184,226.7740880798532,9.51801243228564,24.024010073454676
44.42549640917133,245.01198114577264,23.181191293570905,27.80087335099687
31.028112525759255,204.32319172489522,21.5948887328227,18.44098412179286
33.70378563176293,274.1173844160106,11.346412080231378,23.826324654842896
45.08390371715864,295.37565209832627,19.576110042291575,14.511097518144608
49.501969659293856,251.94545599453673,8.591433500305001,20.914263179357647
35.56546019669728,334.987631279306,23.99702636060276,28.86170704402768
25.83977068033721,252.89716515557342,7.47759389677243,24.561846422932422
47.92102942666813,295.11022878361325,9.962116095741276,30.484879876693306
27.50932501650795,262.2945023029573,13.09248816309973,25.320705255646608
43.31207343292369,340.23893901619374,4.795530719729363,22.75826922942709
40.26437238460065,260.7801459024179,12.806477853063862,23.21775903815249
19.32869406300908,233.10644503592474,10.660219437813684,21.158394931632508
35.25587783742421,225.52095806480202,5.192285667716074,20.974148135916515
45.885935265395176,230.2531948746986,15.673130791545177,25.16704273921739
16.971982581428776,283.9428070934712,10.209714668110504,23.004624009385136
47.44767462760791,196.68110451908078,12.001376458883742,24.506447934874153
49.667988305299836,268.1961779302447,18.242144921053256,23.022020481922663
40.19484438728613,310.6791692089155,14.948025121702413,29.115610517267918
48.18153986563582,267.4025327345107,13.132473339180727,26.033943705797334
30.96483671314067,230.73681251481503,17.558757379542218,25.66080197332286
45.06882918041808,200.1332246373802,0.8989564563407519,24.379750655316126
46.22095094893838,273.0252252181283,14.121036235411927,25.573775474020326
47.14422538919693,199.5390280490448,7.858020803869054,20.62582983839582
45.251549713002376,210.77577653465647,8.701936481004743,29.294239018386868
43.60558722690814,265.7106657195971,11.243853702440687,29.775512290010386
46.0875947258601,204.85629196845744,16.200283013897476,24.38191151312595
45.29572239841187,284.47272749667127,17.958834013556753,24.783944611560806
46.08375993919979,201.12696973626254,15.991133275861499,24.444786897298407
21.009891719773314,276.944845047313,16.473597218127694,32.36161388308818
21.645499570516556,291.84596162115287,13.83247068555119,23.588113453443434
40.27602545358284,226.62414693883954,22.861791708217922,17.030073158589065
38.40766093525661,317.3196977709872,20.333422559031995,29.658826623181064
42.934442412511586,240.58361177741068,7.032971465130621,22.694203785847204
42.7790110808686,239.53399511668522,17.677656466004876,31.22714468467772
28.455179101793263,240.25196346384678,14.269878297465203,28.352344827842682
48.00731267958467,212.95416024507907,18.817789057183127,13.684416432460813
37.44350149304998,327.2212535198601,12.649191859068958,23.534197323471165
44.65077204029019,201.91410509679278,10.489301710274512,29.01245141519976
25.453510980308174,297.99095375212073,11.60310892310668,26.17602784389279
35.58254696671165,204.08701934598113,7.564287176043317,30.880502940905412
48.533222509802016,200.9340055091743,9.696314341296965,31.196628493432016
40.89624254316093,235.65313584858842,19.394696930703724,22.44814850294145
16.728335593140905,322.87117777120955,13.08745403821572,23.241374143572994
40.12795719697968,287.6139402441348,5.479769081244286,23.03668543392327
49.13777673270069,228.41184200901574,18.159193231878287,26.64542055720434
46.20597496293375,248.56072128254834,15.845436975758888,27.335429460280373
27.46776322633645,198.79528708026496,8.60411439528552,23.71776062254593
46.09806851198919,307.9839824168805,15.198013090284308,29.62372973921766
48.3035845399551,307.63232914420865,9.163856707594288,18.960026442296858
38.91117560806705,218.84875022968924,5.971179474603922,26.11115246787624
42.915005837852895,238.56095592670428,7.001849238820429,29.65137403399526
36.526525133868915,279.7121500001905,8.006019918654804,19.62030136564294
24.161137504326035,347.57910850955005,10.034283062044702,29.323829749870093
36.47394943484898,315.05601801694013,9.567171927785669,17.708722824582686
43.84690454862499,196.71097004222403,9.533436589384742,23.218950804870047
32.26776363969238,274.22582343510476,14.008434325014573,20.840500514702516
29.605554885884303,224.66691718452452,4.3092464986522305,18.801822271996183
28.80193728131738,291.8181368498299,20.95011970496406,23.535727995799718
47.614969811368404,241.3898778026837,7.688531764644279,23.49181269028451
47.87161531760251,229.77884369727286,4.084587261421895,18.012061149340646
39.88279940298162,200.0728745713335,13.92290554116971,22.334376144526782
33.92156894726445,277.41563864220075,2.4328370497945784,25.701902867637006
39.674960684429024,289.41306352989534,19.207901079720454,26.739590274851132
41.3346360240599,334.14939117708445,8.697687880123613,25.473071058704765
49.2133361876161,254.33086998453894,19.69084895355568,21.93466169067175
46.83614948623545,275.40207330181283,20.425835544196097,27.603978165382923
38.4298355396509,194.6647049796535,13.237832734886828,28.554459676744678
41.83337046037796,334.2790441944441,21.26033975791941,25.66697412967344
39.84419885267769,238.1244395937444,21.066960632412005,32.59500117924327
37.139312365762585,253.87240186635614,15.14674771463504,22.069553927474647
47.738739563539895,248.36073326144043,12.968945456679831,25.861119374974916
39.146082376415,242.16219774157994,14.962149915164035,21.673514776816305
46.435468096473265,243.02026669652633,9.00170146729398,22.274250633480683
31.569335316783615,190.0343649251201,11.283453813767137,29.63805083332568
36.603880874513806,282.8510971453211,15.593524687714346,21.647604909321903
47.429470924530996,263.5252866412809,13.813359391815547,17.09482830042778
45.569208700189705,198.05609992427122,14.619128650567077,29.67930167340863
47.07796546766991,305.5184163127646,14.949644155830228,38.63423825195417
41.162906357229105,210.78380526498458,18.208167374551735,21.58387096639311
35.035435759184274,192.2262403911072,9.877456236946273,26.386924867568645
44.29849036161574,321.62875001471923,8.473019361438734,19.896362742103236
48.412438018085176,199.74337231572173,14.526566716525377,18.97058567091552
24.953267673127385,206.07345876816981,4.283498496841942,19.77421375183432
39.63853917032634,230.0353876638917,18.705879625928244,19.643780123421358
49.39769032421069,325.428620080399,17.40111519652799,20.740800023962592
49.68640738982115,243.30859862689096,17.56325296570127,29.963421853825935
47.35940601261937,196.73201191605966,7.316033343734655,11.814103834234219
44.514872740279316,294.64526860622726,17.862537314372425,17.64771099247352
33.72333686471985,223.72186264231098,11.534416773986257,18.7741127729999
49.90592709084284,246.488076060936,17.51066584227233,24.98226864436662
44.15272259320936,230.76062047728067,14.908328476293685,21.718056482690614
38.978340264474326,338.31709402541026,9.82165358515285,33.28715610563098
46.964729465919376,256.55124326227946,20.84792614335906,25.87691492826925
22.869080206244917,320.48014788747696,17.253095602810568,20.77895964498569
42.91920265708273,191.1776822703417,10.731757534718998,24.33730238064172
39.46226159184372,224.2882940517538,8.35027576832291,19.44387377413957
41.55793340382587,307.2138135068726,2.913868387097285,24.12284224194093
43.59401575866474,290.34081906836,7.26427435616709,33.63260345963835
49.33548253750419,261.4448031127811,1.3639733784500976,29.278157893288274
48.0640817498339,276.4571435780324,13.351372864040755,26.74003487113314
46.65260886038792,253.63139002659995,12.189839359058817,19.863786238879804
27.942005757661356,194.5985988661078,4.623889466496656,22.631940098646872
48.95854703869081,217.56182516185478,12.862498104708234,26.81922054250828
33.68695953510416,291.82167496865935,7.618339485073054,13.465173479840532
42.75129239093684,220.18544799680728,2.4299271776555837,23.79172550246028
46.554641897569645,262.67359841503776,14.225948390058313,20.72309529951204
45.15482250617558,296.20535071591974,8.941349964072433,19.957865270145117
32.47597063555961,287.7767651580816,20.856414509828575,24.958398949785508
47.41394488248943,220.5803491213649,9.261395809293122,24.075168114100066
33.751686575523,257.75312787950566,12.747773428007552,20.641027139255673
48.04420432739626,212.01840094300402,14.311457332566738,23.160826093262212
41.103211016238994,260.54316699402125,12.945120586256394,22.489058250232407
47.772180293430836,214.7934988819443,8.774003854115032,20.19705123813941
47.56756472821688,225.81514833142253,13.041601303408036,13.796598649484084
42.15366416689126,282.6455314223715,11.24899634926233,32.133745316261454
46.95482891576569,348.45498144954774,11.052453883873618,36.636497293075486
34.23735233799227,196.70999943142056,16.295192735915826,21.7193611118835
48.56940531680509,258.6610803573816,3.119159746192212,29.434844581326526
44.901274785885306,320.635084989574,15.502934126194724,17.415910110866363
46.02539763055461,256.7701178507343,10.7856268410806,26.10364924261382
29.952901986273403,300.4673902904338,13.388918562085689,21.35661638169143
42.67154630625794,260.43440544190025,16.691195561363532,26.863029638404193
26.219589272934925,335.5696156092581,17.949700553989093,30.34763465649184
15.14606994147767,233.49057736273176,11.404429262351627,21.454970288481185
40.823007670824,303.28269930799286,10.158030402356856,28.499369625046466
46.656031446237776,196.45533832204967,12.42034118015759,26.371557494330812
35.42043947251868,193.66764419043773,18.331098085910007,28.416499359590972
46.55780385999823,202.35759018427967,8.734769954704001,21.99262603020898
44.16937808748264,253.22735924207575,8.206374133711638,19.47495453795923
36.399803803769146,288.5050614534457,11.162329500854922,29.066462869744022
41.3647773959388,210.69102298210706,13.840521789451753,24.925334761942366
32.6926404467275,264.34465039780844,6.354978493475667,30.656114875890815
43.91381969338403,238.81962480596914,18.348677513403466,25.80574227268898
48.933733674780264,203.84329359450734,13.229148029021932,26.79998537108812
41.592049064164776,236.77302533993773,12.348626240867878,28.9309655262945
44.75350041334747,246.99019374334625,7.555075722384643,31.722000247571863
25.841632304999095,241.26269286194122,11.059996575029436,21.01903540658483
43.366635845515795,210.72292301771736,15.944954506865562,17.62644849047065
42.72429368704152,229.13401905657653,15.163668369098254,22.832478096425216
35.80126591469505,282.612771989584,14.13707621698977,16.160349069319714
45.17373383946037,224.8237536642403,13.372004853483729,29.951406341031415
45.908155814784735,205.20203638059832,5.159258619429804,24.91931776933555
38.73724009989906,191.43304851127337,-0.6030790383091809,17.308736197764723
33.24754600586567,341.4110208639895,6.821863733723876,27.863496482056405
42.04664386115596,214.46236863512007,13.577332585932435,26.188697994807892
37.42065859576273,283.58422571696445,9.788909979618383,25.362977633515083
49.2348823637046,193.5067973757455,16.071646989287323,21.465618742244573
41.22448547538353,213.02143674462263,22.862439665675474,22.098984581463675
39.7601372064951,254.61503905584323,11.433625714823174,27.13806563203482
47.07146657417337,196.18938042728874,15.230665929759756,23.527824457514164
49.981373626378044,201.81662386530172,10.59424147082736,22.602867701021523
44.81178563409172,244.16349469074845,8.110331060852154,28.675260666389406
48.41523915914489,254.23090609973184,14.924730599331774,23.06842133899401
42.288408109504964,195.62843975279696,7.077954695068254,27.204277277769425
43.04466619131774,304.16590884962125,11.025911009951539,24.151754451762663
44.40024907319507,195.34033367146026,9.96971631768515,23.11677514621297
40.78017025477313,336.98106619041175,11.591295491353588,27.47299458271703
38.331104568928566,335.41269837988375,8.609661382323067,29.431170859544196
48.81075366735105,231.86183506538376,11.229196833169741,29.090608555408316
39.20223768104994,284.0352740167343,12.86136065365647,27.763080286838875
26.81908925201153,303.5568013020619,15.324378826151424,24.999492443770464
48.25383241720995,210.9109728650885,16.9019974146446,18.483796267488643
49.85180667148513,209.3011216078277,2.1100176865857403,29.795694507503615
36.86374220889947,258.19770784610466,9.893692673406115,20.887567589059593
35.55399638152261,210.02982465601434,6.052230750673367,19.21677057091627
25.566777604867788,332.2636177226412,9.831966982675068,18.184897565652378
42.38607878892267,200.77226342061556,10.086040744543297,27.65238951990302
28.369180272356317,197.10895671646637,7.242458435139826,25.790096778126944
43.426315547936035,234.96469084321794,13.009372111029633,21.140459066346565
47.67104127038941,270.44814222176103,10.342381738383622,19.61063737374454
40.64978744892015,311.71852663198064,12.203168903926686,24.080219899144318
29.415600179956705,192.62018963034342,16.82974500566803,21.875481089601575
44.840927709045616,334.5921324006091,12.38015185463921,28.728643173970593
36.51953437517758,293.24727215436343,9.316069813327411,9.96480266001834
43.67932974722879,190.95989988135844,14.88150416567001,24.657171626711246
39.91716569921295,291.07731487225834,10.756637798646466,29.627841141574677
45.40302294702088,317.8256902485189,6.634619064945193,17.664107501632415
48.80177590474996,256.1552039230619,15.051481027455567,25.273614647535723
48.60921570740937,282.2981549693415,9.470446051122723,17.316280560849325
49.065559702413864,243.0633906263556,9.992190121247083,23.45819568289226
24.91233803887104,244.33838979901782,10.945203131414642,27.452913184411138
47.35073914907824,264.5873625699239,12.938596061464398,26.41395284321562
49.496407146604824,237.35144979264885,9.894703633623873,25.584644066371723
26.40656519846162,266.90934045936643,7.747644011224939,24.85273741167861
49.91488045509047,319.9088676310673,9.115628745976089,24.11805451125305
39.79216709770517,324.10756441851436,10.936784768696246,21.215546621041867
31.107543285636446,192.00028031223323,16.293665920165353,29.626297455987256
29.3408843959645,270.7152183546731,14.101752333031163,18.334090389464993
33.32043608407376,311.7331839775721,8.876931423138455,29.907334220382147
44.15672731919122,223.89095479256557,3.975306894462655,27.594892499111275
40.675107896749296,285.1587273310191,15.544676502866787,29.243537132542777
38.18795593559029,190.58325290649373,17.154732305184666,22.498344137942023
46.16637412239624,241.12680434924073,20.198410410469144,26.706944719959473
49.536075665015034,262.94795912887133,23.843235392630096,23.283662420876226
49.160226423375676,240.51521785108915,11.7818677436549,26.52202782324663
49.402583981856424,338.39494636806455,14.273528648819774,19.934073774515625
47.28866401713039,238.91814507076188,13.228559240797193,28.394708586956433
47.19959028664546,231.77372369276864,14.044944763049864,26.788190719957093
36.021625092607,292.078806524176,6.227600898627378,21.259355210119626
48.44555749232994,348.4249473282756,14.66773623134359,25.442532584871252
48.042702138178214,256.94798104421375,13.993174227596853,20.598265447947455
37.901107847860416,223.03744947847565,6.925653414872218,22.925883018392103
33.64641297865943,340.81813335648496,14.599404944133386,33.04482146439519
45.39850339752321,225.2309467380001,16.361193942594294,25.50227667775562
44.590584076648284,215.98133740985475,14.417288202840043,16.42862021649944
31.14227248323592,232.41340618821658,18.665637690516487,25.631237811206475
40.16518119428755,301.2287229691414,5.6423323039119,20.42086392265326
49.88715273991123,306.39934714205435,11.27351132652584,27.57988817786692
44.710891743248126,213.57736541867763,8.22355993308371,26.263212089950052
48.499645375498886,276.43289318222605,20.68087085350145,27.87522159758475
30.39117792117539,209.17133307571828,14.95719561685875,17.666482033386625
9.093342240508292,248.3288920995443,14.83258610143853,21.727696990247455
25.331416784777254,246.4946060315336,12.360862899022537,22.380729227956916
46.40990905043266,224.95692538093093,8.293042550464275,27.934204705640035
35.02230024675313,284.89216565166686,12.089537529335496,21.137343495979753
36.781391380449726,222.3699239265671,5.856947851519722,19.962154740131233
37.29074038324839,285.27881069779187,10.542127571889695,25.027411881878997
39.46701346281027,337.3755741088998,9.663552130379088,22.571726545010886
35.60817315545741,240.5049772950265,20.030199090391406,29.9688112725452
41.99434136900895,211.1788210353995,14.519418330571652,15.112834090270082
34.68913419806902,255.04571794614526,24.922840603826174,32.105287598935234
43.41536463037052,252.1367847233745,17.051818245644064,21.957615198153775
20.636146502871014,262.06590289405017,10.062205833355403,20.902063847559695
38.3411439159551,236.4292928545426,10.886895676324617,20.128276384455486
44.047556054537054,218.97642501606393,19.761519327817105,23.404737629523275
37.732306505204434,224.93666045687166,17.94498779870979,15.471210909516461
45.55431345573754,297.13665783091096,8.212386974486451,20.590802733599855
47.65841036876006,269.79956305854614,12.674255235980917,24.554594154016897
38.25146829528885,190.8381893488836,8.234804271242322,18.297249116238216
45.26316982680379,235.3741747151611,13.62789873433036,19.877379197865263
43.81020489162762,249.0819287845846,6.224739450787596,28.622467464369134
44.618705713092766,191.35855082304718,16.129556963173332,24.286395825279985
48.17263751094829,228.38964336489335,8.6889343965246,20.449200753148784
45.96348834256511,240.45666924322217,13.024999378563338,24.709424089614636
40.342587393931055,198.71881475064595,11.128861190622704,26.108783796529085
29.507065409883175,291.0679064326789,11.65287729373985,21.851012070288228
47.24039759185517,279.5428588314628,17.813097825725297,25.094785912903415
13.95788853044013,225.1186211414827,17.722715622963094,19.221879735219034
47.296048550153714,219.8144498667707,11.765259272782162,23.80851025986646
29.35900269595661,344.14983153235755,10.03542972041418,27.135088588434684
47.144704473961816,312.10654310469226,0.9570436898750536,21.580133752146814
36.125359893930955,232.8099913276423,16.191232693312585,19.49282251555528
45.151716251665306,194.27603573030575,8.998205138067506,24.20404910845392
34.560902798960115,266.2708331853102,20.24804576366369,24.922495576593494
49.064525105809395,315.7143486311926,12.359676980518977,31.143107790275398
40.07252894172461,278.4238785573422,13.510778551051862,27.344075063130003
48.996671761905816,234.16713221678006,16.560435811072477,25.349268372939264
24.246546106250342,287.2754299497988,11.076405538377871,23.57018478335879
43.507990832486996,243.54925339925194,12.808127188187337,23.7891412733727
49.92727064474865,247.86178633464777,10.42539226151904,22.307868608138207
48.30147452753009,273.37509106305174,13.757092489046428,21.83802674768171
41.55042530293267,262.9656840652131,14.754358755217615,23.48139792392956
30.335426193539703,245.30387906394128,7.4045318803609765,26.927887666792085
47.28492212926132,313.3042683215235,5.789448586351933,24.542040210472045
48.359498443391814,221.74725793280055,17.455340912465555,25.797390150803853
38.243580762122434,195.23105303707726,1.7333232708353332,28.233827162801333
48.06498415046897,190.92065484836104,16.296424949655446,24.033059382224014
49.917989187415266,194.1671678178509,10.491638968537153,32.338535021544686
48.03767711221688,232.67152533827732,15.327770854026516,24.19403472512727
42.27489531364836,228.82086252080134,12.662016757646766,28.22049339891377
46.75485381515555,200.1894956332527,6.77855013555403,25.554220593580162
31.25321495825117,233.38332343871184,13.277623656757436,22.21744057638503
38.222329252125284,241.11479670248184,18.202569031870738,29.14335995309503
38.33554540624619,292.49162793390724,23.525517741832346,21.90229652026557
23.84390694441163,334.14263573844073,13.842979229151942,29.210585830615827
44.086285598540826,227.74445602861144,6.346385594250115,20.53416968028221
43.67925339877665,224.12458463611804,11.791446762014647,19.924520190536015
36.19675179461331,204.59715444450646,20.555458875918006,13.38335124094901
44.69104081381728,238.43067172120578,15.999964591427549,25.61640988127801
27.45603014760765,340.34096618660226,10.555907187105932,26.88284807837803
38.73955359227685,239.01064743011767,13.315576577272296,23.079659689343707
48.21819705791805,203.472620198002,11.083015223891614,22.70416243461227
17.660618107266963,279.65564095684,14.422920836398438,30.49033179566976
26.249570794764402,245.14787549212053,16.459780588180227,26.209665502858815
33.5520963974553,190.63266485888684,19.206651241379035,14.764215416585541
28.81927400616479,258.85144806370243,13.183237719822733,11.90531664302965
43.801909381548896,203.96848051991586,11.824582062135022,27.60997853142423
39.91782505784968,348.31996442481545,12.554955014656777,23.627041908761765
36.020924444191635,279.7604067746845,16.40797696167489,22.526444182839366
42.431611698425485,241.43810180448497,6.10144475016246,24.31200524879601
44.80298258050777,234.09722208460863,11.90736353130546,22.66511603952243
27.976191341128015,249.17438704690767,8.629130399588641,22.006903822656586
47.238473146595446,205.64458866447163,14.5151443184741,25.48860698725747
42.58693929425536,230.09294623639778,8.826847384709762,24.842103235217696
43.91854228004457,264.73267780878257,9.658695565992506,25.42023795150309
36.59725961102523,238.49163399799448,17.10582966511388,23.641179642319997
44.25894693508755,312.4001278568946,13.713096874441774,28.143864273178302
48.35491621121477,192.43438434110007,17.036718231492312,37.1600805978856
36.20395467252837,256.22364182368085,18.998721162750723,28.709438977769793
37.84987062178542,266.33013369570585,8.75832679686588,22.184985086368982
39.699073505718275,306.4400259719349,11.707803692607705,26.62079792345283
33.68003415661866,279.0989787254263,5.5337889722281774,21.68389686111798
38.19522628057446,289.6074125949767,3.9598561581075558,24.96483669024867
42.26309195591411,323.4191721638237,5.660466927626524,19.573216247240303
37.01102395814734,299.5064455255764,19.26212558347127,20.419484291840863
45.08845212555868,236.5355503962088,15.192535189275999,25.22193149508026
43.957138071649894,246.9251053668441,10.390041148153792,30.20563334068629
29.757984176987776,242.2933666912171,6.87669375803889,24.34490171264821
43.57568767590001,197.11543580000134,7.575454009002541,19.717439164565562
36.77973025928702,241.7577127988234,21.151549585617822,23.14734465707446
41.01088023845035,267.91514304371833,6.427733284478134,25.34133853334083
42.52462818168384,231.08977327672574,12.819327877485737,18.20622831374064
41.85071780162312,252.03286510721887,7.091216499065602,18.041088019079393
46.056667275734505,207.0176356159815,6.136608731950266,28.564177566847448
36.56270608185386,267.35539711643554,11.815504889265402,23.141287988073845
48.32927380701082,202.62861315066633,8.069393288544838,32.33311995263352
48.246532034037344,221.189017805506,13.676780896284741,29.68327057794462
21.3004815713481,222.26427710328525,10.241578015191529,24.68416033702305
42.322463184090495,324.326172710785,13.01194651597445,32.964814712578786
43.54991596196598,228.99881085330986,3.1666781149850554,20.00845602941701
43.27415194175101,201.93906552528452,13.609040732312996,21.22817437071699
46.6749439159089,286.75005515886505,6.581104414836074,25.711018364690414
43.946858863053734,340.2634728020015,18.50123515828284,29.208768951182147
32.055039318912556,335.16538331503665,10.681677511880173,23.617195248236772
16.559816468700994,227.1412198564857,9.990345851577848,24.42227227471516
40.5796501268633,201.4477785558083,21.842894202399833,24.41089713890822
41.503103727595146,198.57331348405555,8.546289313076405,24.299656991775834
30.96790281574379,221.88359145099278,6.143445972760987,22.495941075873517
44.41693124173246,338.8228202153855,9.503364530284912,22.7485131161694
21.978910828054836,332.4266386143348,16.655623336016106,19.207180074280636
45.47915499483907,287.00890305402277,5.669367390464805,25.760166728971804
30.153737091233367,284.1828269714749,4.439008032784977,18.019032704619423
48.10377757177945,244.3298757869187,15.940215544028248,18.087514622693988
47.33038989965916,264.13469080914683,14.146139940109144,26.35538502317279
49.93433442799291,311.28570289002926,15.487228122637504,25.382082362701478
30.988519976485122,300.9774513220128,11.43905310979725,29.853538776961173
34.86044060998261,226.0775754879603,12.232145844052894,26.68364480784785
48.48110912144024,192.08402827680058,10.351975940585563,29.721862559945542
36.94627617800484,237.4393425723617,10.582236862215609,18.23097724010108
39.13041122388677,224.85289782005603,14.081277383451306,21.988053270606702
23.28451330875714,300.3507443870446,14.625428422555192,21.198727978885785
26.857676190375656,228.62059411553395,11.465937213563384,28.0498165464995
13.364418587273235,220.30384646054827,6.271051167660881,20.48478169463311
49.86165685257971,280.88122333866863,2.528247574479739,22.397160318052666
32.90681065749668,320.9652671309461,12.038018876634146,22.939658382723493
42.73365959634162,344.72400093614954,6.419119880635537,16.3727682501209
46.681685441746374,207.9805717801034,19.145119824775996,18.218234409732442
42.15476716576234,334.95630397437264,13.511303242930179,28.301856805825256
49.86180096828802,206.9439853302226,14.825720369891455,26.568694176836654
47.03346352744998,199.66413469360162,12.99453038127476,17.82563189277252
22.63541309083788,227.69970049600465,5.231451013743128,26.73115717586077
46.871341001167906,253.67435583442543,10.184236325207868,30.94716839882615
39.6631473550533,305.2768287593625,-0.13032506891901896,32.467173369227936
43.50348739130462,202.4708158649655,16.95627347951567,21.945574395022177
31.396383661080357,327.9167944125561,16.17911782899055,26.178336535342645
39.103178824850445,227.15467406925893,9.263397244582851,27.157263012023705
45.085682280396526,288.03471566666184,22.754824937051545,24.797193557177213
42.95416073987578,224.25717211731555,16.147764922312717,27.27371005860783
36.4247806501153,196.4037662655986,7.911174459043137,32.054581416822785
47.1607253961957,339.44209191086935,12.215196389510181,26.7825134876574
32.61570426796424,288.7536740613826,10.246503109553814,22.5521276669597
44.52080713539688,233.18643872519033,17.476909000589973,25.93302059037216
45.11661427020894,265.8432944377334,9.001253716345365,21.250482753556014
46.75728049599692,241.75662667364935,18.655488966638224,28.091732935354
47.77901242501335,286.3465550274257,18.093644162803876,23.383050579842205
48.629206799618096,203.61900818922038,15.024852384232862,29.883476005821983
24.47276986952796,294.8126919601892,11.881397828416814,21.336590676527152
44.61818085707219,242.6883694059817,3.037093134245886,17.367588548262177
39.42758645753737,264.6119033248058,8.160054810092031,13.818054886348461
40.48614276904471,245.30303577144338,24.8689235788424,25.038175020307534
48.5036135425608,221.21534710453838,14.749088763509764,26.666554936003685
48.04411441765956,300.0273373034719,4.56414432330338,19.485816576869485
42.702134949479685,224.58095838316274,18.193327518414122,22.032075807017026
40.29097149987073,209.53937027758872,15.086756315219963,26.24133007414229
47.759056518415534,304.1439302429789,12.45482610107294,24.370803456964854
49.33038066326135,196.49303683336638,16.050844891090826,24.698582578748674
49.77914593290632,250.97127933921735,17.816955718571755,26.502101926863823
43.49064786796582,209.6685142602801,23.332905760321836,25.908719551488506
28.101628118505857,265.3621684706759,13.9302379489819,17.34585451372218
48.49918887366127,328.10123498237186,10.227843563808207,21.060668820216847
48.39375686399994,287.30048504522,13.945697150871208,26.87223251255997
48.14872770931268,214.29021749581906,4.749633110356553,19.4649550585338
49.576621502889964,260.5504525813379,14.062253480813006,25.827316447145552
23.36127476049751,192.64860997032227,13.939386888446036,21.78642222692705
43.35851877832023,245.9465478827507,13.724650899077245,22.401824145921868
33.74294756786328,216.8186995314722,13.247153183117893,30.23082813941126
37.781976032564785,245.9156528940808,4.766730299269818,24.142668212564477
49.065463988060586,259.84431413215304,11.831366805172225,31.450167247230915
43.06345669080773,247.48508959316948,10.631599466914775,25.680099268476802
36.1440659911113,337.196538314903,11.039150852133362,24.568653373893557
6.918710318434094,267.06349185649583,11.55541895731461,19.466262084860602
41.97532764422835,333.8911828392753,16.80832376513043,28.058274768316554
48.47214632433909,248.68105923547176,12.010577794657316,20.381772223478766
49.53928074844565,276.1548051814705,19.876906586722907,32.94812215229507
34.515225387991485,227.42586848237698,14.704743061332634,19.531093931390185
32.290638224789156,301.1879920096395,4.606293868334651,24.302724163620955
46.090127014666024,245.0879237335163,3.3450180116947035,26.97501718458126
41.263725119772644,192.9450111363088,19.52926923354869,22.081005622670425
46.474752052531485,299.8605012683664,14.463723441133329,20.59876670511157
39.32227706041088,202.36434514553432,18.113140840482124,24.67832268601259
46.91382062775692,247.96741090855272,15.133147649376406,23.86432729953528
40.89136305877843,345.10165143243836,14.779537664916358,19.798683850013322
49.936109411974044,291.3217510578229,8.783774745841221,24.72517747458451
44.37515516748676,209.6528721058089,22.358764360181937,14.576183968508111
40.53660336935057,211.31664413826007,7.669438451926568,22.25194056611896
42.08307415465231,236.37080530664025,13.449572194863482,26.21364732351484
39.675734344552275,222.90088108041897,11.265299928321122,24.88225060770358
35.37757780577203,236.05854033811698,10.369765226527344,21.300823988141957
31.873365835444844,204.26751787642112,3.4825251649576927,26.442950491016266
48.747874929685935,213.35643412248203,11.473240932686126,28.306505316995743
29.011822640071166,225.3994856391558,11.24661628335914,31.733086160940324
46.30693492443251,302.3187343601465,7.786549629406263,22.507160720152743
35.54893358463494,327.0549575210381,10.139722984097066,21.755781099198675
48.32230222357228,295.5704814173996,10.00557969658043,22.700832686857343
24.449782960386052,217.7088414383945,19.126402026489174,24.91531541632377
36.60550913610412,304.2075313131925,13.812218698958922,25.971058191346014
30.471160843452758,258.31397373684194,13.775340645122286,28.903488107040168
44.54618674245298,219.99915867913768,15.068579462602628,22.93736706164074
27.319651705265606,304.9167382455824,19.12231277328932,25.347373340632267
29.536474777556613,221.0379166044395,15.52442173799788,30.725056724229105
36.0642713620052,337.49141347137356,11.599117516945235,26.252430549628404
49.39649184324995,268.06166048873376,14.02381244766721,25.482992281327196
33.55405131804102,342.03831965560363,12.61097327520489,30.805594551501944
40.4956762419687,223.64054386572286,15.685947591889022,32.40486102256343
48.75636508164604,258.97552046023316,10.560983701756014,20.276796679383814
36.751479199605534,227.56758901045902,11.484548065749056,27.4109333559093
36.00397382907768,254.21157559010115,5.842662267922396,22.489749774145427
44.34284741923889,336.3907546516018,16.76185263935723,20.18942040296664
48.061151124657826,226.41671106214542,24.744938579166813,21.549724378013096
41.7519447048024,213.10791790643543,13.046309855920834,28.651661294320363
46.58143025913469,195.88893158785768,12.980375131625951,20.575050700014177
46.15325528174834,259.3037249473637,9.913252354205834,24.97704012485185
48.33985754437116,242.08433050482842,14.171029138635777,25.048331401953334
38.02659755595295,227.66897509254304,11.968466899594427,27.472591231992375
34.44411470128976,298.710967848568,24.50203355343537,17.952626250998918
31.75737341857598,222.6182401817571,12.817586173016894,22.260879128226147
32.658540911282785,263.7881149388229,11.18934054649179,24.38166512892683
27.3628970137918,224.01379642090671,13.747042647597526,32.347230539299375
45.96796930701042,221.27028462923226,18.15091088856275,21.997477438224603
37.315496448313986,207.43228919186436,30.722982063392458,30.021287457272585
34.07712482021112,339.55513242922007,14.622972927672574,27.85315077785126
39.49587288652483,313.0292662348733,15.093478452873116,15.887156085514048
43.238081075435716,306.8872125364436,11.651356956683298,29.524692976878292
48.59095899810142,200.0128610736663,6.296457243945921,27.442489231107082
35.78366685661625,240.23485691917224,9.132470910779976,20.824503724889976
44.47247666659157,315.4663005078501,15.98357167437441,37.26166654077427
37.76175750276196,295.53058606949014,10.927094401525679,25.599133236148756
45.697677521928654,329.550769332326,12.61581989046967,23.99443843188828
48.25317253381346,196.58035294512922,17.897554082978413,24.33016516329157
43.895658991968304,215.8475418424498,11.58116217240299,23.35329570999475
37.34437165669556,233.74761298327658,20.616816781931682,29.39299921067875
36.882476217221424,193.66632293550498,20.685153171700712,23.813097661945488
48.95290490804565,302.979032314095,9.37014233697445,24.108435218396107
47.58366330980843,193.3880379351105,13.592301093853628,27.335619241712813
42.46889267831315,209.85360214739922,6.721680777004558,18.166512050751585
45.84972119211664,274.62411474711166,15.452514476883648,24.708759799931606
44.20124017253143,313.005094149962,8.499123178527602,24.946652088034305
35.273558846774776,241.7420750435257,11.931592884602438,31.89201047238111
25.843078570689862,202.6379398259338,14.600199309315979,23.72448989860409
46.16857536158214,309.9856983815726,3.2660306448066034,29.724188494686555
33.95261397041835,252.0400731987517,14.162612804512694,15.348027845829623
49.49568827742771,299.74788865931794,10.423341417697738,15.257591111444626
45.75698995117614,308.83135347220457,12.18531618761297,34.218316796490136
39.87232382725697,213.3655110392308,14.43449671125093,21.95619720610287
36.98261700015457,218.05416958987874,16.005460460219886,25.111493727378075
36.447086625510046,241.56305107855263,16.117489326830356,32.15286836649839
49.237736331994206,265.74772946904227,15.006203858764142,24.477631171926937
44.22950891773651,202.96875482691468,14.606275387810095,23.59928526899511
44.75961407583799,265.231537972503,7.094329009282634,26.14398759852548
40.43356811740754,259.79864222561963,15.599188062236463,27.632337745970162
39.604298688387715,250.43082438147826,23.534367965923053,23.221116494530577
31.100945128048025,254.4780797283626,9.522584660562298,18.71585294948553
45.22526460287357,294.9889719957773,4.224366163861069,16.751858667646054
48.598822148757506,288.94185905861605,8.814084451935372,20.868246854571026
41.6053389021945,265.6471503666909,8.088816853265474,23.93187930644295
44.91373588491122,241.7621364619735,14.031819676995225,31.031242154664774
45.103017015340065,288.0822621600555,14.97869537688214,21.330498560591593
24.835530683838414,199.61053555468735,9.519372336145755,26.315135919728707
35.283839082644796,266.0436444701824,15.480328917071692,31.88153642666179
46.289531379338484,194.6847090813141,6.764944258354918,21.983408587229647
32.18885184680811,192.90909063801752,6.550083124189911,22.16174867217281
41.62553996385631,191.37699517109257,7.212932720345241,30.2312149138518
33.827973131644036,236.78310247206696,15.534907829086283,16.704600483401165
36.62014176471043,271.778393022517,14.54746489553707,22.063948618100387
42.85033563799058,308.65844702737763,21.945587843983915,10.559296754402894
45.07291218705426,300.95731871068665,12.526473155214957,17.64586978159879
43.97315396286301,237.32957116093786,15.10227707677941,28.21305984744158
48.95319093495314,247.83416240246498,8.742194061965085,29.909756737464846
42.62371432042286,234.6269082525518,2.532042087350515,22.96283649187716
36.87575904638003,227.74211419451166,3.19930520992388,23.989243508683508
17.435653666967582,199.9707835505725,14.434895765794954,23.037281988276277
10.538736859024013,212.86518629805857,14.047549845169886,24.202464637712573
49.22337537053052,204.69210001081646,14.577757686686287,28.62920315983746
44.15468689552894,226.85572810749352,20.837257130384398,21.411447036633636
41.12987514445691,258.34080143213015,8.40107245924811,22.179797133041948
46.777226539940344,230.44844017175598,8.466923248669588,28.494136313868005
46.009340445308716,245.54219687846438,14.496129246004028,22.823051734006164
32.81897146898609,250.28249379333687,17.48015209533176,24.498384409965123
22.3593476952054,319.2828364258938,12.168355736360864,24.134711815152166
38.3993184476998,287.47045731083927,18.293637270385723,25.516546967208864
23.874326409691342,240.1996682609016,15.070771082799375,26.360193436851606
44.977677901558934,331.2353705317237,12.035545349096939,13.592235642650628
33.01616656667613,275.52348893892747,13.602683571618098,29.937887247894352
48.27065057330502,279.82077513717365,17.7354040807865,17.33908664360004
49.48629122960238,250.09859505140986,16.139517072919038,23.659097835387097
45.655930005208276,275.46374626428224,13.19868536275243,24.295885774006386
38.97239958635997,291.96516944674374,15.951986673973929,25.569964675638403
46.010097931414116,261.89530086311026,12.188012427972044,22.5674290735735
45.590431889778465,225.96307465984165,10.727118962276744,22.18620731397016
33.8155604361132,264.65473690246733,7.264071011529592,30.608102507457147
31.581380913968374,225.66546643971182,13.018754998576354,20.650471950077502
46.60759260555018,197.47443729658536,20.30572487859901,24.360956993475224
42.87073864176374,196.87255721728542,6.1498606705150864,17.58976021105576
34.17419098926944,262.92591653015063,9.866781299604673,25.591739632157662
44.06882916946088,276.40465751881794,3.5870779126122123,16.415076610321613
49.91458676317936,315.1512568278606,18.177319576255407,26.62155417480778
34.504625810043144,219.27895150525276,19.332777485982948,22.092726523645048
46.38913738043736,190.5586213058133,8.87831661704785,26.219567456460826
37.16096713497683,262.50159403910544,10.782037608256683,18.720111676620434
34.6494960865859,229.02724628459168,5.155976101827445,20.607917481377314
46.29368812024879,197.16632934752587,15.969463238144588,29.78905035308022
24.085206344836486,207.10816461134334,13.683843009769454,26.999905641290095
31.398114816535745,273.76933087591556,17.97623899786463,19.859079412429903
43.10948319686156,226.38835296074654,1.5471942779590186,29.64367874098487
41.25025227859631,267.15412522144146,9.988290839237138,25.564263193595334
26.540892210289776,283.4073173705897,11.423586657857864,32.22400521613308
41.551318492725876,269.5289552552199,14.472689853646628,33.9258583496907
44.52403745277001,309.87634264518755,9.69563741639205,19.854040565548797
38.99221514226293,194.13560230214227,6.929693354123303,23.766781501576787
49.44015876953598,214.23548811412405,24.157666575722324,24.01127856488074
41.7376871216988,195.3083829623242,5.466348972125561,24.208498307116923
47.77985114880488,262.34810804218097,3.889337283943684,18.84098505718429
30.435230762163492,248.82080303884024,10.613374073193663,22.04876090228249
36.815044187437266,250.30113280480103,15.411696244873461,23.943859615046364
47.3810611600571,197.52782064441254,13.38761835915982,28.680671905475073
43.585348496912566,232.0031153234978,3.3777450496129813,22.531031025468554
32.277073393108246,211.05099500970255,6.13013197448587,17.676331477242044
47.65881012331077,323.6620747549801,3.3036169303863385,24.257853514695107
46.05053238514738,294.45893444369545,15.562492134052174,24.532972914514268
45.13752167211531,193.5420403083072,10.097680397645325,20.093848875373368
45.96431134569568,298.7003323678689,8.138268686612891,29.084456256021163
24.823903765804303,234.00440585043316,19.65626185745473,19.1157715517169
43.96232898687522,213.2584114179374,10.332767007632885,20.36358906028393
33.18225213348461,222.9469333909525,5.818373910290253,20.73031173141375
49.441934429039364,232.40334674610415,12.692053590008888,20.993180238315876
48.03184738124376,198.6914144953336,10.485133864407167,26.979999449823254
49.305529123579646,219.81441755725928,10.104840212337049,23.18657227954899
40.342404174177474,213.47432861313422,15.50532788852362,30.045607998072075
44.49198600941065,229.61908229852443,9.187338492421176,18.930091819449277
42.81500885116695,348.9084923578024,12.570452755428233,16.968139727832586
44.833338884133646,274.5119479861199,11.538134729963655,18.530728716513227
42.22938779461402,265.4455684245394,11.61397999061276,21.411148651075255
44.491215624448884,262.52604857919675,14.160962997855762,25.998212464709628
45.59038084068384,302.40502288305777,17.784288361750143,23.307053012027918
39.47364199337277,204.96164072115445,11.248256218047853,20.779327718076214
34.97302110510045,236.54818873678147,14.581450182925428,25.870863369990605
23.714457126745607,217.92629587713913,3.6727841422200367,22.65825283615604
43.54118214129839,218.87024781917276,16.668138093798643,19.942206906881257
43.789809006202915,272.6846343204875,12.673526969590666,28.69710202530835
47.53345655623,248.58820273546317,12.982281353237067,23.70381773199417
44.87939486316112,212.5711696046077,11.829840345029956,22.26630735385682
41.73238513909212,339.1347036586876,10.489314980439806,25.739981442678616
20.97737357961627,233.21671702173862,12.595798865777677,23.631911650871498
43.61055907530089,256.1411508343166,8.587023019124599,33.56866290366639
37.56535624158004,299.8634463694733,9.635132706461105,18.35761418391057
19.525540637753785,238.82900104071427,12.25970032970291,18.560397756509598
42.222648931758876,221.73089885084948,8.69747514405056,29.613639258774768
39.24140879084157,261.8214223221282,13.523913868310112,33.728978885007315
26.789754109804292,190.48252471967731,11.013719751635872,22.200950759137164
35.30290540711479,270.38256680868255,10.256705955251219,25.416884553193405
45.606487768415406,206.36746847977756,16.634506721451903,29.91866067744947
33.770901666460176,197.3434002431385,2.251672655780922,23.61365611883493
49.17461960326997,326.55442084254366,6.516730206753055,22.06010876133096
49.449946899195425,256.271492832713,14.912954840986544,27.584614344244518
46.55541621905853,242.11770392059805,-2.458586007917141,21.914647942225834
49.760385696679485,222.81224425383553,13.18209476327292,20.711789162567484
45.34182055729977,302.4936701240473,15.371773666271134,24.624720529227737
31.828224236686857,194.35660038098038,11.116808305412082,19.400950065500798
49.097837679193134,303.5459543041262,17.37624120069239,18.94339214256634
48.983706443667415,267.86235421516164,15.518129631115333,32.029726021593426
45.284678219988024,199.98411657113235,7.030024391140716,22.547891889669362
31.850965556178167,209.23682140069707,13.401577601382556,24.36832935031997
42.99977062825512,220.5651408788668,5.033080526102895,24.23520607244665
44.45449969013585,286.3484697223905,17.561758916951757,34.3391605956216
35.19674822714604,282.79435309733816,15.989536483014113,26.08267484506377
43.24792372786361,199.81992079336482,15.994182896297074,24.072036462573173
49.16444341282052,265.62948880395396,12.651524653921186,23.0191916892621
49.735458222646564,220.33657359311349,16.945381130171405,23.205286621037065
48.53500090125824,260.79240922076616,11.555593659563401,31.06205723797087
45.949393058647075,233.59805965405513,12.49999269437114,18.655318262680055
21.500969339299616,311.7071146037321,7.194043323103391,29.876588654717988
31.34457285174517,237.54429519285628,5.38108507408981,22.765059473327085
25.985892024826526,217.29134453406903,18.40720305312312,18.098201560166146
44.85975482901286,218.41214332566037,9.786115921898757,31.515781652098934
33.39106830127301,215.72601069003593,7.315987297295036,19.473673721197244
40.35316667706839,200.4793447955687,11.224565532688624,23.39776750340802
49.988256222712266,216.495339654596,23.79529722027445,25.593923324571897
41.98751896783761,282.4578542770398,13.446518614351278,27.389109285776996
49.30804075714557,301.3761805171444,9.107770750138576,26.273502905780287
46.57306248376787,212.16181394445871,18.29983672319513,26.67774902363358
48.94382139613973,279.3663267819893,7.4842238841901345,30.140655666386355
19.690085126474536,327.18474222723586,11.08073482973498,28.688316310973036
17.673219531606797,228.51243603950343,15.081657903848296,18.342973972053734
35.06496115860638,337.1385189228854,12.236925575001148,19.68182276421726
26.270658866285117,326.27341661749995,1.7459871740176265,24.016691471371217
46.477545986910954,280.7363115139902,14.613208597063494,23.330191825143874
43.47013783865377,338.4731500908595,10.702420426835346,23.61608837885487
42.063380807328805,311.3719870368542,11.20272673406961,27.82004942128396
44.38014557971271,271.842284342699,16.024108579262936,26.850914161645346
3.199352480593433,232.87990610842877,20.398442482801624,20.91045350312551
26.12763685219791,305.20176193786807,3.7344345616796186,31.74234635238129
37.20922668042042,215.96089001261385,10.759644130345114,22.846365440438753
47.02533473765621,243.35940908442288,7.179971657978408,18.86085704009232
31.524462371175943,196.51298862202077,13.759805414608282,25.347776824054073
35.39902294240907,285.96538650485854,9.989178936401668,21.082602637419043
42.046032742177445,345.65215576447304,1.901990988168059,21.062772342934984
46.854230457333315,319.447647700912,10.410681868732468,18.322397718617623
44.63208114512108,193.692450943235,7.912278883662805,29.663721029543353
15.306368773642504,206.73298792525418,14.035225846360994,21.328770781460438
23.926709010886093,243.434694440722,9.600803254861685,23.994543522477247
20.19791805123117,249.50999985799353,19.552726361316722,19.416926225008986
49.228730420875564,254.74619060299204,16.874084160017148,18.12709556643928
31.558591760847,340.1463492603045,4.21119684378993,27.002587610769382
44.5188603125407,195.16678957512332,11.478909787156438,23.818026619246325
46.51093250135324,220.2580063793261,15.434608916232582,22.374330051513883
45.94040647453383,255.77181063009925,20.512239933275975,26.380087935141493
26.06450111172633,281.67603420942595,12.778173181929443,21.968781508855848
45.2153924976097,229.9366805529167,8.937431142590109,23.72707674304319
49.70980369832772,283.2106157275479,24.820776714139654,16.608833350011178
47.8757269606417,236.57937071580187,10.206849612855132,23.178135707999527
42.30012158163234,256.7474354938286,15.508043060446848,24.646654914190474
47.259306195467126,194.28083317851173,15.368360311797788,23.48777586249491
42.56636005093573,202.21766559436412,6.54278684641218,21.988850246668658
20.390984771314507,252.17930980129148,12.98319746395424,30.949507337711324
44.527979558614255,221.53419488499253,16.87679774136271,23.884711605198312
29.427765084733124,335.02051869854927,6.684138478010868,25.683736224932954
42.829457438414174,221.5607730505658,-1.3190381702657472,19.44129635540176
44.33223885818059,233.17823757968748,17.734348663553174,22.696017824490383
23.24996643329994,227.5824025316341,13.269803755054788,16.700560223251298
33.888249762435116,198.77525713494805,4.727856748588408,20.8225856095025
24.053172991964047,274.75615745245904,12.022532654572702,29.01982700998563
42.20948304456273,280.8030423970748,17.201363891461256,20.367105239727476
49.413516699146,271.2291321110392,-2.235048299735441,27.836182733486147
43.58271916992793,197.32691969010205,6.644104950115682,25.93645597321817
40.494478382142006,242.31651541221157,14.60339673772155,20.013469416152294
39.357823600688455,202.32120408165645,11.32073545808688,24.499672755508914
49.72320000339394,249.11236866973866,3.612960167837503,25.959375030938034
47.793814432377715,283.71178613573716,10.216344076113556,23.676002216607085
45.00190413565224,294.309853194197,11.631735361652185,22.623272992396878
35.60215891156755,206.9589846467889,13.601934381068219,22.35536923977051
44.98359026187104,209.22628052950586,30.013375286250877,23.1272140502679
38.79909622704716,259.14397430292837,11.455606150190984,23.323679183749118
41.700688073796584,340.42316911229375,20.840887094516468,27.233354392179148
43.09588491896558,226.60292956279838,20.99675323172032,25.596182208990044
44.519477012291304,227.87812907365287,22.407083378302083,21.97946778756434
36.619027303314965,272.89213866386467,14.88341310998211,20.173335447434987
46.1644080612177,244.30034831465588,8.211171477122884,24.611112649711576
44.752299354353426,289.7058227682813,15.403163105634388,22.476422081147913
39.016683039959055,273.32258461041687,17.854993302895476,26.03370646278669
39.23639097056522,254.32487429287167,16.5439921644925,25.83017623205088
27.708307651695343,300.0617537293096,13.954550816542625,24.385511140133158
48.09440285127297,330.0667565643165,15.478483973357747,11.140958790799866
43.38916514271086,296.213823497087,2.687769771293791,18.11457671645736
42.33305827042492,277.57511535386027,11.976308235952693,25.809638327416142
44.477384228529615,321.00654884528126,8.12615807660859,25.60251699512099
47.71144003166231,236.89671605157824,18.754361385478802,30.899106775337355
33.75340511476033,277.8674139716371,10.972587317775078,24.490902657668926
37.955583597807674,294.2042690335947,6.077236401222589,22.150607926554834
45.71559363271591,237.2738065633002,13.740385869890211,22.299953084948996
38.82200888105126,264.3118520119319,20.55871577023928,19.033256293418976
41.42812784915385,242.79215751043654,18.686981089723464,22.02834227685412
44.29034339335128,225.49468478038344,23.87818850514313,28.256547048493527
42.940327919112306,262.96578022465565,9.267509338311443,20.16324870107819
47.98721036869746,273.47369162406324,11.861258364111864,22.18463449609498
26.850405714538404,257.5056871510908,8.592993838208006,30.403743653659777
29.853046598177144,231.73729841025357,13.976463032847688,18.86297404083168
49.46764639223135,217.6466133151497,12.863455922460027,23.680905579278743
42.50410354405203,217.34787522401513,7.165914961552201,31.294679074844087
32.68851594709697,243.1382120560927,11.274453440477796,20.90661042471724
37.82256293020788,299.5906233131174,7.012947461178788,23.419103986696708
17.955835543960646,213.6832984010839,2.2610808720203384,28.722014329431
44.2265891591298,205.14825062884807,24.42385045091614,27.155711227515855
47.49546049502901,289.8301413420911,8.511412433998862,25.936467964705223
45.71071995725755,235.37653372896,10.612760308564397,26.21001525507326
42.22937824280183,300.7777871438208,9.920507329214603,17.73440962425676
25.235553739233268,204.69569897640707,14.425917689379082,22.35504228263676
31.513407006636236,231.32065688562886,22.431941941455094,22.023555383377637
38.958916539436316,285.7815112939624,13.607904624152363,35.964004440048
39.37840205299783,218.7751561797,17.398467991619082,21.534396747809787
26.49780895010796,232.4608303696279,8.241427289199958,28.596513946444045
23.48405657220394,215.2611423276783,10.493412094621862,24.10355272431156
38.68211915055672,232.01225810648393,2.000297640870734,19.855848003119153
42.52354846046713,231.55703003840563,11.244997852975287,25.11233074884675
48.74890590119718,319.8033212888043,3.279363736412394,24.888653307442834
46.75485348126247,283.87743656032853,7.1007743981905795,27.103378504698696
47.71227410683612,330.79823888077243,6.544306935144137,30.96737073040572
47.556546578456754,293.14271556771564,-2.033826740414929,15.626065661026564
47.59994972931723,229.09245285185415,8.978379360481572,26.422080300330897
33.4745797638559,321.76621764621075,7.5847429760882195,24.830089263136593
41.83226697412215,220.5836507866879,12.301512247726828,33.32514430486926
48.25566387289065,251.8825465078431,9.086385371644065,23.41674433279005
41.222728895154006,284.7482131130626,11.653855816040936,21.24506550362578
47.54080258706814,289.76772147316115,14.409629595194204,29.298230688476835
48.01391600570553,250.18993792971685,7.1050606214206065,22.018479318329025
40.76754446496274,323.5170699693141,7.703484983066069,22.67018104345599
46.85974615442413,263.1985360645689,6.943757662890586,19.18463682288183
42.536643801088545,325.01709447627434,22.050849718726838,25.72843072150083
42.589804177768364,191.5796322707011,6.416093208742031,30.343476278424415
47.61013991875595,242.27869574772006,7.441036212816563,30.141691197241553
44.94864193607654,274.8655252190448,19.285372019912717,23.70996666106549
42.95777534109604,195.97432517371334,18.779021595071477,26.18424082160221
43.29314337437256,243.17129612992431,13.771087678824527,23.315405874931066
41.94901026775207,201.23117025538187,3.444904738525807,28.791535170841303
46.77363946059249,348.98150985095754,21.412800837593146,25.474353741588864
42.61569869728024,294.58684356176946,15.382682180963515,18.065778667195545
38.35826503454747,234.67114526237185,14.491604621559219,30.405952482893813
48.00159664654685,259.53934782460203,7.717568316555886,24.086035667557212
