flight altitude,elevation,elevation m_a
163.775,271.0,163.775
208.48576252483736,269.0,168.4125
252.20902504967472,264.0,172.0625
295.89478757451207,269.0,175.675
339.51805009934947,260.0,179.225
384.04131262418684,262.0,183.675
428.91457514902413,269.0,188.475
474.91283767386153,306.0,194.4
499.15,297.0,199.15
502.9875,270.0,202.9875
506.9625,313.0,206.9625
511.875,344.0,211.875
516.9875,314.0,216.9875
522.4,287.0,222.4
528.775,305.0,228.775
534.375,342.0,234.375
539.4625,355.0,239.4625
544.525,380.0,244.525
549.6125,347.0,249.6125
554.6375,295.0,254.6375
560.0125,311.0,260.0125
564.2,345.0,264.2
568.9875,339.0,268.9875
574.425,401.0,274.425
580.575,354.0,280.575
586.5375,333.0,286.5375
593.0625,373.0,293.0625
599.6375,352.0,299.6375
606.225,346.0,306.225
612.425,398.0,312.425
618.5625,379.0,318.5625
624.725,366.0,324.725
631.9125,333.0,331.9125
638.9125,325.0,338.9125
645.7375,403.0,345.7375
652.375,383.0,352.375
658.4,333.0,358.4
664.7,334.0,364.7
670.425,314.0,370.425
675.7125,361.0,375.7125
681.4375,371.0,381.4375
684.4125,292.0,384.4125
687.65,289.0,387.65
691.1125,284.0,391.1125
694.7625,356.0,394.7625
697.875,384.0,397.875
701.075,474.0,401.075
704.2125,380.0,404.2125
707.35,307.0,407.35
711.3,318.0,411.3
715.45,393.0,415.45
718.2625,409.0,418.2625
720.2125,433.0,420.2125
722.725,510.0,422.725
725.525,448.0,425.525
728.825,407.0,428.825
732.025,405.0,432.025
734.8625,407.0,434.8625
737.5375,402.0,437.5375
740.625,430.0,440.625
744.5875,335.0,444.5875
748.0125,383.0,448.0125
751.5875,435.0,451.5875
754.9375,492.0,454.9375
757.25,477.0,457.25
760.625,522.0,460.625
763.6875,526.0,463.6875
765.75,527.0,465.75
766.8,496.0,466.8
768.775,491.0,468.775
770.375,493.0,470.375
772.625,575.0,472.625
773.5875,560.0,473.5875
772.7375,546.0,472.7375
771.4875,531.0,471.4875
770.625,482.0,470.625
772.3375,504.0,472.3375
774.1,458.0,474.1
776.075,423.0,476.075
777.275,458.0,477.275
777.9875,509.0,477.9875
779.9625,528.0,479.9625
782.4,541.0,482.4
786.0625,561.0,486.0625
789.8875,509.0,489.8875
793.2125,518.0,493.2125
796.7875,520.0,496.7875
799.3375,557.0,499.3375
802.9125,613.0,502.9125
806.6875,602.0,506.6875
811.0375,538.0,511.0375
815.0,500.0,515.0
818.8375,515.0,518.8375
822.65,511.0,522.65
825.45,569.0,525.45
828.975,598.0,528.975
833.2125,582.0,533.2125
837.1375,594.0,537.1375
839.6125,594.0,539.6125
839.2,612.0,539.2
837.8875,585.0,537.8875
837.6,631.0,537.6
837.075,607.0,537.075
837.9125,586.0,537.9125
841.1375,624.0,541.1375
842.775,578.0,542.775
841.95,538.0,541.95
843.3875,436.0,543.3875
846.325,504.0,546.325
850.0875,526.0,550.0875
853.775,559.0,553.775
857.675,443.0,557.675
860.75,265.0,560.75
864.0875,225.0,564.0875
867.625,334.0,567.625
870.5125,520.0,570.5125
874.425,474.0,574.425
878.7375,492.0,578.7375
883.575,410.0,583.575
888.3875,418.0,588.3875
892.175,529.0,592.175
896.1,487.0,596.1
900.175,582.0,600.175
904.5625,590.0,604.5625
908.7,622.0,608.7
913.4625,670.0,613.4625
917.5625,678.0,617.5625
921.475,666.0,621.475
925.2625,609.0,625.2625
928.4625,666.0,628.4625
932.1,710.0,632.1
936.625,716.0,636.625
941.4875,738.0,641.4875
945.1,734.0,645.1
947.8,730.0,647.8
950.8125,746.0,650.8125
954.35,719.0,654.35
958.4125,605.0,658.4125
961.8875,369.0,661.8875
965.1125,325.0,665.1125
968.6,312.0,668.6
972.9125,341.0,672.9125
976.8,502.0,676.8
980.7,750.0,680.7
984.7375,608.0,684.7375
988.2125,456.0,688.2125
992.275,641.0,692.275
996.9125,762.0,696.9125
1003.1375,797.0,703.1375
1008.8625,786.0,708.8625
1014.3875,805.0,714.3875
1019.5875,821.0,719.5875
1026.4125,827.0,726.4125
1035.5375,829.0,735.5375
1044.9875,762.0,744.9875
1053.0125,795.0,753.0125
1058.625,849.0,758.625
1064.425,845.0,764.425
1069.4375,808.0,769.4375
1074.8625,761.0,774.8625
1080.85,823.0,780.85
1085.7375,854.0,785.7375
1090.8375,892.0,790.8375
1094.2875,892.0,794.2875
1097.8875,890.0,797.8875
1101.425,846.0,801.425
1105.0,833.0,805.0
1108.475,860.0,808.475
1112.35,869.0,812.35
1116.3625,893.0,816.3625
1119.2625,900.0,819.2625
1121.5,889.0,821.5
1124.225,804.0,824.225
1127.2375,727.0,827.2375
1130.0,810.0,830.0
1132.0375,881.0,832.0375
1133.4625,907.0,833.4625
1135.775,872.0,835.775
1140.0,852.0,840.0
1147.525,891.0,847.525
1155.825,930.0,855.825
1164.225,942.0,864.225
1172.1875,919.0,872.1875
1178.0125,909.0,878.0125
1180.625,902.0,880.625
1184.725,903.0,884.725
1190.7,909.0,890.7
1194.4625,934.0,894.4625
1196.7375,962.0,896.7375
1198.7125,968.0,898.7125
1200.8375,975.0,900.8375
1202.8375,989.0,902.8375
1204.325,995.0,904.325
1205.1625,981.0,905.1625
1206.4125,976.0,906.4125
1208.6,969.0,908.6
1210.3625,938.0,910.3625
1211.075,893.0,911.075
1211.75,844.0,911.75
1212.3625,897.0,912.3625
1213.0625,920.0,913.0625
1212.425,895.0,912.425
1211.225,858.0,911.225
1210.6375,878.0,910.6375
1210.5875,905.0,910.5875
1211.0125,956.0,911.0125
1211.975,956.0,911.975
1213.0,976.0,913.0
1213.55,930.0,913.55
1213.9625,898.0,913.9625
1213.9125,889.0,913.9125
1213.775,934.0,913.775
1213.95,979.0,913.95
1215.475,955.0,915.475
1217.9875,893.0,917.9875
1219.6375,860.0,919.6375
1220.3375,904.0,920.3375
1220.4,943.0,920.4
1220.3875,971.0,920.3875
1220.325,989.0,920.325
1219.0625,984.0,919.0625
1216.875,978.0,916.875
1214.725,968.0,914.725
1213.6125,959.0,913.6125
1213.0,936.0,913.0
1212.65,934.0,912.65
1212.925,942.0,912.925
1213.4375,944.0,913.4375
1213.5625,955.0,913.5625
1212.925,956.0,912.925
1212.4,965.0,912.4
1212.3,940.0,912.3
1212.0125,894.0,912.0125
1211.6125,929.0,911.6125
1211.2875,937.0,911.2875
1211.0625,936.0,911.0625
1210.8,906.0,910.8
1210.725,899.0,910.725
1211.525,857.0,911.525
1213.1625,817.0,913.1625
1214.3125,772.0,914.3125
1215.15,758.0,915.15
1216.075,845.0,916.075
1217.1375,888.0,917.1375
1217.5875,924.0,917.5875
1217.2125,923.0,917.2125
1216.1,915.0,916.1
1215.475,904.0,915.475
1215.2125,902.0,915.2125
1215.85,889.0,915.85
1216.4125,889.0,916.4125
1216.55,903.0,916.55
1215.825,926.0,915.825
1214.9375,928.0,914.9375
1214.8875,942.0,914.8875
1215.6125,937.0,915.6125
1216.7875,912.0,916.7875
1217.05,871.0,917.05
1216.4,847.0,916.4
1215.8375,790.0,915.8375
1215.6,755.0,915.6
1215.6875,770.0,915.6875
1215.65,830.0,915.65
1215.775,860.0,915.775
1215.7375,874.0,915.7375
1215.3875,925.0,915.3875
1214.6375,950.0,914.6375
1214.4625,944.0,914.4625
1214.7125,911.0,914.7125
1215.0875,926.0,915.0875
1215.475,967.0,915.475
1215.5125,966.0,915.5125
1215.6625,963.0,915.6625
1216.3375,955.0,916.3375
1216.8,958.0,916.8
1217.2125,948.0,917.2125
1217.625,932.0,917.625
1218.525,957.0,918.525
1219.4,975.0,919.4
1220.425,989.0,920.425
1222.05,987.0,922.05
1224.3125,969.0,924.3125
1226.8625,943.0,926.8625
1228.3625,914.0,928.3625
1229.025,875.0,929.025
1228.9875,867.0,928.9875
1228.2375,906.0,928.2375
1226.425,955.0,926.425
1225.4125,981.0,925.4125
1224.9625,943.0,924.9625
1225.1375,900.0,925.1375
1224.7625,876.0,924.7625
1223.7,908.0,923.7
1222.85,951.0,922.85
1222.5625,951.0,922.5625
1222.4625,954.0,922.4625
1222.35,925.0,922.35
1222.7375,891.0,922.7375
1223.575,926.0,923.575
1224.7125,970.0,924.7125
1226.6625,991.0,926.6625
1229.0125,975.0,929.0125
1230.9,978.0,930.9
1231.7875,956.0,931.7875
1232.0375,908.0,932.0375
1231.5125,874.0,931.5125
1230.6125,928.0,930.6125
1230.2125,964.0,930.2125
1230.0375,985.0,930.0375
1229.7125,987.0,929.7125
1228.5375,968.0,928.5375
1226.425,952.0,926.425
1225.575,948.0,925.575
1225.325,966.0,925.325
1225.35,970.0,925.35
1225.6125,969.0,925.6125
1225.8875,978.0,925.8875
1226.3,969.0,926.3
1226.375,939.0,926.375
1226.175,947.0,926.175
1225.8375,953.0,925.8375
1225.725,962.0,925.725
1225.8125,965.0,925.8125
1226.25,941.0,926.25
1226.9875,921.0,926.9875
1227.975,863.0,927.975
1229.075,770.0,929.075
1229.925,823.0,929.925
1230.3,866.0,930.3
1230.4375,903.0,930.4375
1230.7625,859.0,930.7625
1231.0625,818.0,931.0625
1230.975,858.0,930.975
1231.075,905.0,931.075
1231.4,934.0,931.4
1231.9,928.0,931.9
1232.375,943.0,932.375
1233.2625,938.0,933.2625
1234.3625,938.0,934.3625
1234.575,946.0,934.575
1233.75,943.0,933.75
1232.9125,921.0,932.9125
1232.725,901.0,932.725
1232.5,880.0,932.5
1232.525,832.0,932.525
1232.975,853.0,932.975
1233.7,918.0,933.7
1234.2125,930.0,934.2125
1234.525,885.0,934.525
1234.825,832.0,934.825
1235.075,798.0,935.075
1235.45,898.0,935.45
1235.6,943.0,935.6
1234.925,957.0,934.925
1233.8875,979.0,933.8875
1233.325,970.0,933.325
1233.05,965.0,933.05
1233.1125,963.0,933.1125
1233.3875,959.0,933.3875
1233.9375,962.0,933.9375
1234.1875,978.0,934.1875
1234.35,976.0,934.35
1234.6875,978.0,934.6875
1235.05,973.0,935.05
1235.6125,954.0,935.6125
1236.3125,955.0,936.3125
1237.6875,974.0,937.6875
1240.3,985.0,940.3
1242.425,992.0,942.425
1244.0875,969.0,944.0875
1244.65,924.0,944.65
1245.35,869.0,945.35
1246.8,916.0,946.8
1246.9625,977.0,946.9625
1245.5375,991.0,945.5375
1244.375,992.0,944.375
1243.8375,996.0,943.8375
1243.6125,979.0,943.6125
1243.7625,943.0,943.7625
1244.0625,904.0,944.0625
1243.7875,924.0,943.7875
1242.75,960.0,942.75
1242.15,960.0,942.15
1242.4375,958.0,942.4375
1243.075,944.0,943.075
1244.5125,932.0,944.5125
1245.8125,969.0,945.8125
1246.3,989.0,946.3
1246.7875,1009.0,946.7875
1247.675,1007.0,947.675
1249.0,998.0,949.0
1250.4,964.0,950.4
1250.15,894.0,950.15
1249.075,883.0,949.075
1248.55,925.0,948.55
1248.2,947.0,948.2
1248.1,983.0,948.1
1247.7625,991.0,947.7625
1247.3375,983.0,947.3375
1246.3,967.0,946.3
1244.25,966.0,944.25
1242.3875,989.0,942.3875
1241.1125,994.0,941.1125
1239.8875,986.0,939.8875
1239.175,977.0,939.175
1239.275,973.0,939.275
1239.7375,979.0,939.7375
1239.875,993.0,939.875
1239.8625,999.0,939.8625
1239.825,948.0,939.825
1240.175,915.0,940.175
1241.05,934.0,941.05
1242.4125,871.0,942.4125
1243.0625,791.0,943.0625
1243.05,841.0,943.05
1243.0375,885.0,943.0375
1243.0625,925.0,943.0625
1242.875,950.0,942.875
1242.8375,962.0,942.8375
1243.025,924.0,943.025
1243.0375,860.0,943.0375
1242.6375,873.0,942.6375
1242.525,924.0,942.525
1242.775,931.0,942.775
1243.2875,947.0,943.2875
1244.15,957.0,944.15
1244.95,957.0,944.95
1245.0875,969.0,945.0875
1244.625,956.0,944.625
1243.9875,938.0,943.9875
1243.7,910.0,943.7
1243.525,878.0,943.525
1244.05,857.0,944.05
1245.05,915.0,945.05
1246.3375,951.0,946.3375
1247.3,962.0,947.3
1248.2,938.0,948.2
1248.675,929.0,948.675
1248.8125,876.0,948.8125
1248.8625,798.0,948.8625
1248.9875,829.0,948.9875
1248.3625,874.0,948.3625
1247.2375,880.0,947.2375
1246.15,916.0,946.15
1245.7375,962.0,945.7375
1246.025,992.0,946.025
1246.425,985.0,946.425
1246.775,984.0,946.775
1246.8625,989.0,946.8625
1246.75,997.0,946.75
1247.4375,994.0,947.4375
1248.7375,978.0,948.7375
1249.925,968.0,949.925
1251.9375,976.0,951.9375
1254.675,990.0,954.675
1256.4125,994.0,956.4125
1257.6625,981.0,957.6625
1258.35,976.0,958.35
1258.4125,958.0,958.4125
1257.9625,905.0,957.9625
1257.225,892.0,957.225
1256.4,951.0,956.4
1255.5625,980.0,955.5625
1254.75,999.0,954.75
1254.6125,1013.0,954.6125
1254.7375,996.0,954.7375
1254.65,980.0,954.65
1254.4375,952.0,954.4375
1253.9875,958.0,953.9875
1253.6375,984.0,953.6375
1252.8,984.0,952.8
1252.45,1006.0,952.45
1252.9125,974.0,952.9125
1254.05,986.0,954.05
1254.85,1002.0,954.85
1255.2,1019.0,955.2
1255.425,1021.0,955.425
1255.6375,1002.0,955.6375
1255.5875,987.0,955.5875
1255.6125,977.0,955.6125
1256.825,916.0,956.825
1258.2625,899.0,958.2625
1259.375,907.0,959.375
1260.4875,953.0,960.4875
1261.0625,1000.0,961.0625
1260.975,1005.0,960.975
1260.05,1007.0,960.05
1258.7375,1000.0,958.7375
1257.05,990.0,957.05
1254.7625,1003.0,954.7625
1253.0875,1019.0,953.0875
1251.675,1029.0,951.675
1251.0625,1032.0,951.0625
1251.1125,1010.0,951.1125
1250.85,980.0,950.85
1250.225,985.0,950.225
1250.1125,980.0,950.1125
1250.4,955.0,950.4
1251.1,926.0,951.1
1251.9375,865.0,951.9375
1253.2375,794.0,953.2375
1254.625,806.0,954.625
1255.375,859.0,955.375
1255.8125,920.0,955.8125
1255.875,957.0,955.875
1255.5125,950.0,955.5125
1254.5,940.0,954.5
1253.425,933.0,953.425
1252.8125,928.0,952.8125
1252.3625,871.0,952.3625
1252.0875,882.0,952.0875
1252.225,915.0,952.225
1252.2625,948.0,952.2625
1252.8625,979.0,952.8625
1253.3,979.0,953.3
1253.4625,980.0,953.4625
1253.325,955.0,953.325
1252.8875,925.0,952.8875
1252.9375,878.0,952.9375
1253.175,895.0,953.175
1253.5875,944.0,953.5875
1254.775,963.0,954.775
1256.25,969.0,956.25
1257.725,962.0,957.725
1258.7125,955.0,958.7125
1259.0,918.0,959.0
1259.1,880.0,959.1
1258.7625,849.0,958.7625
1258.2,806.0,958.2
1257.875,863.0,957.875
1257.4875,881.0,957.4875
1256.95,929.0,956.95
1256.4625,972.0,956.4625
1256.0875,955.0,956.0875
1256.075,940.0,956.075
1256.5,985.0,956.5
1256.75,1004.0,956.75
1256.8125,1032.0,956.8125
1257.2625,1025.0,957.2625
1258.425,1009.0,958.425
1260.35,1003.0,960.35
1262.6375,1011.0,962.6375
1264.5125,1015.0,964.5125
1265.475,1004.0,965.475
1265.1,984.0,965.1
1264.4375,915.0,964.4375
1263.9125,894.0,963.9125
1262.5125,903.0,962.5125
1261.3625,922.0,961.3625
1260.25,962.0,960.25
1260.1625,995.0,960.1625
1260.7375,1009.0,960.7375
1261.425,1022.0,961.425
1261.8375,1021.0,961.8375
1261.925,1015.0,961.925
1261.7125,1008.0,961.7125
1260.8375,986.0,960.8375
1260.2375,1006.0,960.2375
1259.7875,1006.0,959.7875
1260.2125,1010.0,960.2125
1260.9,1011.0,960.9
1261.0375,1017.0,961.0375
1260.75,1025.0,960.75
1260.3875,1032.0,960.3875
1259.8375,1023.0,959.8375
1259.5875,1013.0,959.5875
1259.95,980.0,959.95
1260.2875,955.0,960.2875
1260.475,964.0,960.475
1261.3,972.0,961.3
1261.7375,976.0,961.7375
1262.65,990.0,962.65
1263.4125,1002.0,963.4125
1263.5875,1009.0,963.5875
1263.7,1014.0,963.7
1263.65,1005.0,963.65
1262.8125,985.0,962.8125
1261.775,991.0,961.775
1259.8,1019.0,959.8
1257.325,1019.0,957.325
1255.6375,977.0,955.6375
1254.25,956.0,954.25
1253.2875,936.0,953.2875
1252.2375,890.0,952.2375
1251.675,904.0,951.675
1251.2,908.0,951.2
1252.0125,828.0,952.0125
1253.2375,841.0,953.2375
1254.05,839.0,954.05
1254.575,864.0,954.575
1254.8875,928.0,954.8875
1254.9,970.0,954.9
1254.65,981.0,954.65
1254.3,986.0,954.3
1253.9875,962.0,953.9875
1253.675,910.0,953.675
1253.25,907.0,953.25
1253.125,889.0,953.125
1252.6875,912.0,952.6875
1252.1875,950.0,952.1875
1252.0625,955.0,952.0625
1252.2,940.0,952.2
1252.3875,940.0,952.3875
1252.4375,918.0,952.4375
1252.375,935.0,952.375
1252.375,947.0,952.375
1252.4,907.0,952.4
1252.8375,864.0,952.8375
1253.7625,872.0,953.7625
1254.6625,898.0,954.6625
1255.4875,954.0,955.4875
1256.2,990.0,956.2
1256.4875,986.0,956.4875
1256.275,964.0,956.275
1255.9375,936.0,955.9375
1255.5875,918.0,955.5875
1255.4375,921.0,955.4375
1255.65,874.0,955.65
1255.65,827.0,955.65
1255.3625,874.0,955.3625
1255.25,892.0,955.25
1255.3625,934.0,955.3625
1255.6625,931.0,955.6625
1256.0,959.0,956.0
1256.75,946.0,956.75
1257.125,980.0,957.125
1257.3625,992.0,957.3625
1258.55,968.0,958.55
1259.35,964.0,959.35
1259.875,987.0,959.875
1259.825,996.0,959.825
1258.775,989.0,958.775
1257.0375,994.0,957.0375
1255.225,996.0,955.225
1253.375,990.0,953.375
1251.6125,974.0,951.6125
1250.8875,976.0,950.8875
1250.975,971.0,950.975
1251.75,966.0,951.75
1252.6375,1000.0,952.6375
1253.2125,1022.0,953.2125
1253.35,1032.0,953.35
1253.0625,1029.0,953.0625
1252.1875,1027.0,952.1875
1251.35,1023.0,951.35
1250.075,1015.0,950.075
1248.8125,1015.0,948.8125
1248.6375,1029.0,948.6375
1249.3,1036.0,949.3
1249.375,1038.0,949.375
1249.5375,1033.0,949.5375
1249.0,1013.0,949.0
1247.9,985.0,947.9
1246.375,982.0,946.375
1245.1875,986.0,945.1875
1244.0,993.0,944.0
1243.0125,1002.0,943.0125
1241.8875,991.0,941.8875
1241.475,996.0,941.475
1241.8,1010.0,941.8
1242.1125,986.0,942.1125
1242.8,980.0,942.8
1243.5125,963.0,943.5125
1244.075,950.0,944.075
1243.8875,934.0,943.8875
1243.2125,927.0,943.2125
1241.3,923.0,941.3
1239.8125,905.0,939.8125
1239.0,881.0,939.0
1237.925,860.0,937.925
1236.0875,844.0,936.0875
1234.3875,831.0,934.3875
1233.05,836.0,933.05
1231.8125,838.0,931.8125
1231.05,821.0,931.05
1230.6125,852.0,930.6125
1230.3875,914.0,930.3875
1230.0625,951.0,930.0625
1229.95,983.0,929.95
1230.0125,996.0,930.0125
1229.8,966.0,929.8
1229.525,917.0,929.525
1229.3375,870.0,929.3375
1229.0625,851.0,929.0625
1228.8375,833.0,928.8375
1228.75,846.0,928.75
1228.6125,893.0,928.6125
1228.3625,917.0,928.3625
1227.8375,878.0,927.8375
1227.1625,911.0,927.1625
1226.65,911.0,926.65
1226.525,902.0,926.525
1226.6875,864.0,926.6875
1227.2625,869.0,927.2625
1227.925,841.0,927.925
1228.5375,839.0,928.5375
1229.0,831.0,929.0
1229.2,841.0,929.2
1229.4,853.0,929.4
1229.35,899.0,929.35
1229.1875,947.0,929.1875
1229.475,991.0,929.475
1229.75,976.0,929.75
1230.3,944.0,930.3
1231.125,892.0,931.125
1232.25,827.0,932.25
1233.425,873.0,933.425
1234.35,903.0,934.35
1235.05,878.0,935.05
1236.1,840.0,936.1
1237.8375,860.0,937.8375
1239.5625,882.0,939.5625
1241.175,895.0,941.175
1242.0125,935.0,942.0125
1242.9,955.0,942.9
1244.0,956.0,944.0
1244.4625,950.0,944.4625
1243.975,962.0,943.975
1242.825,971.0,942.825
1241.3125,983.0,941.3125
1240.2125,1000.0,940.2125
1239.9375,1017.0,939.9375
1239.875,1007.0,939.875
1239.55,1009.0,939.55
1239.3875,1016.0,939.3875
1240.1125,1004.0,940.1125
1241.175,995.0,941.175
1242.0625,987.0,942.0625
1242.7375,982.0,942.7375
1243.4625,997.0,943.4625
1243.1125,1023.0,943.1125
1242.625,1026.0,942.625
1242.325,1031.0,942.325
1242.925,1035.0,942.925
1243.25,1035.0,943.25
1243.4375,1030.0,943.4375
1243.1125,1018.0,943.1125
1243.4,1007.0,943.4
1243.9625,992.0,943.9625
1244.375,997.0,944.375
1243.875,1009.0,943.875
1242.6375,1002.0,942.6375
1240.3,1007.0,940.3
1238.475,1016.0,938.475
1237.95,1024.0,937.95
1238.4375,1021.0,938.4375
1239.2625,997.0,939.2625
1239.4125,961.0,939.4125
1239.3,965.0,939.3
1239.85,999.0,939.85
1241.325,982.0,941.325
1242.375,960.0,942.375
1242.4875,903.0,942.4875
1241.7625,909.0,941.7625
1240.525,909.0,940.525
1239.45,889.0,939.45
1238.9,875.0,938.9
1238.9,859.0,938.9
1238.4,862.0,938.4
1237.2375,908.0,937.2375
1235.725,944.0,935.725
1233.8375,912.0,933.8375
1231.825,844.0,931.825
1230.2,838.0,930.2
1228.85,891.0,928.85
1227.3,931.0,927.3
1226.75,964.0,926.75
1226.65,971.0,926.65
1226.7375,936.0,926.7375
1226.075,883.0,926.075
1225.0875,872.0,925.0875
1224.4875,878.0,924.4875
1224.225,912.0,924.225
1224.125,895.0,924.125
1223.9875,856.0,923.9875
1223.75,813.0,923.75
1223.525,854.0,923.525
1223.55,886.0,923.55
1223.6125,886.0,923.6125
1223.6375,859.0,923.6375
1223.7,848.0,923.7
1223.7625,804.0,923.7625
1224.0,830.0,924.0
1224.175,902.0,924.175
1224.375,931.0,924.375
1224.375,893.0,924.375
1224.3,885.0,924.3
1224.4375,894.0,924.4375
1225.25,922.0,925.25
1226.0875,958.0,926.0875
1226.4125,944.0,926.4125
1226.925,891.0,926.925
1227.725,837.0,927.725
1229.1875,836.0,929.1875
1230.4375,869.0,930.4375
1231.5125,912.0,931.5125
1232.525,950.0,932.525
1232.725,922.0,932.725
1233.2875,878.0,933.2875
1233.8125,862.0,933.8125
1233.8,849.0,933.8
1232.9,856.0,932.9
1232.5625,877.0,932.5625
1233.1625,901.0,933.1625
1233.9375,892.0,933.9375
1234.325,960.0,934.325
1234.1625,987.0,934.1625
1234.175,994.0,934.175
1234.1625,929.0,934.1625
1234.325,918.0,934.325
1234.675,975.0,934.675
1235.1625,1005.0,935.1625
1235.2625,1023.0,935.2625
1234.475,1024.0,934.475
1234.4625,1016.0,934.4625
1235.5125,1012.0,935.5125
1237.2375,1020.0,937.2375
1237.975,1012.0,937.975
1238.7625,994.0,938.7625
1239.5875,1002.0,939.5875
1240.7875,1014.0,940.7875
1242.0375,1021.0,942.0375
1243.4875,1021.0,943.4875
1243.8125,1032.0,943.8125
1242.75,1024.0,942.75
1242.175,1015.0,942.175
1242.3875,1008.0,942.3875
1242.7,1026.0,942.7
1242.35,1032.0,942.35
1241.5625,1025.0,941.5625
1239.6875,1023.0,939.6875
1238.5625,1024.0,938.5625
1239.025,1020.0,939.025
1240.425,1009.0,940.425
1241.775,995.0,941.775
1242.4875,970.0,942.4875
1242.525,891.0,942.525
1241.6625,904.0,941.6625
1241.6,904.0,941.6
1242.5625,907.0,942.5625
1243.325,872.0,943.325
1243.4875,885.0,943.4875
1243.6375,892.0,943.6375
1244.25,900.0,944.25
1244.625,922.0,944.625
1245.175,918.0,945.175
1245.1625,965.0,945.1625
1244.9625,970.0,944.9625
1244.65,949.0,944.65
1244.9625,911.0,944.9625
1245.0375,911.0,945.0375
1244.7,886.0,944.7
1243.65,849.0,943.65
1241.7125,894.0,941.7125
1239.875,940.0,939.875
1238.275,951.0,938.275
1236.675,913.0,936.675
1234.9625,949.0,934.9625
1234.625,952.0,934.625
1234.7125,955.0,934.7125
1234.875,948.0,934.875
1235.0125,920.0,935.0125
1235.125,856.0,935.125
1235.2375,817.0,935.2375
1235.225,885.0,935.225
1235.3875,910.0,935.3875
1235.625,910.0,935.625
1235.7375,866.0,935.7375
1235.6875,859.0,935.6875
1235.6875,808.0,935.6875
1235.825,854.0,935.825
1235.9875,928.0,935.9875
1236.1625,949.0,936.1625
1236.3625,944.0,936.3625
1236.5875,926.0,936.5875
1236.9875,915.0,936.9875
1237.8125,881.0,937.8125
1239.6625,917.0,939.6625
1241.325,955.0,941.325
1242.8875,923.0,942.8875
1244.2375,862.0,944.2375
1245.8375,868.0,945.8375
1247.15,926.0,947.15
1248.2625,931.0,948.2625
1249.025,936.0,949.025
1248.925,959.0,948.925
1248.5875,971.0,948.5875
1247.7875,969.0,947.7875
1247.35,954.0,947.35
1247.4625,924.0,947.4625
1248.0875,948.0,948.0875
1248.8,921.0,948.8
1250.0875,868.0,950.0875
1251.95,877.0,951.95
1253.1125,888.0,953.1125
1253.525,884.0,953.525
1253.6625,883.0,953.6625
1254.225,985.0,954.225
1254.2875,1001.0,954.2875
1253.5875,1015.0,953.5875
1252.1875,1025.0,952.1875
1251.1625,1030.0,951.1625
1251.1625,1030.0,951.1625
1252.2625,1031.0,952.2625
1253.8125,1037.0,953.8125
1254.4,1034.0,954.4
1254.05,1017.0,954.05
1253.3375,1022.0,953.3375
1253.6,1032.0,953.6
1254.375,1036.0,954.375
1255.775,1036.0,955.775
1256.125,1038.0,956.125
1255.025,1036.0,955.025
1253.5125,1027.0,953.5125
1251.7,1027.0,951.7
1250.1125,1036.0,950.1125
1249.2625,1039.0,949.2625
1248.8,1037.0,948.8
1248.1625,1029.0,948.1625
1247.45,1015.0,947.45
1247.0875,1000.0,947.0875
1247.275,990.0,947.275
1247.2875,981.0,947.2875
1246.5875,961.0,946.5875
1246.5625,914.0,946.5625
1246.4625,891.0,946.4625
1245.85,901.0,945.85
1245.4125,935.0,945.4125
1244.925,958.0,944.925
1244.025,961.0,944.025
1243.025,968.0,943.025
1242.225,989.0,942.225
1242.4875,998.0,942.4875
1243.75,987.0,943.75
1244.975,973.0,944.975
1246.1125,962.0,946.1125
1247.375,958.0,947.375
1248.675,954.0,948.675
1248.8875,896.0,948.8875
1248.725,843.0,948.725
1248.075,866.0,948.075
1246.95,920.0,946.95
1245.5125,944.0,945.5125
1243.7875,941.0,943.7875
1242.575,932.0,942.575
1241.625,882.0,941.625
1240.6625,853.0,940.6625
1240.05,887.0,940.05
1239.5125,921.0,939.5125
1239.05,920.0,939.05
1238.6875,882.0,938.6875
1238.4625,840.0,938.4625
1238.3375,828.0,938.3375
1238.35,799.0,938.35
1238.5,799.0,938.5
1238.55,847.0,938.55
1238.5125,844.0,938.5125
1238.4875,866.0,938.4875
1238.55,898.0,938.55
1238.7125,894.0,938.7125
1239.125,877.0,939.125
1239.7625,869.0,939.7625
1240.4625,870.0,940.4625
1241.1875,929.0,941.1875
1242.275,928.0,942.275
1243.8875,910.0,943.8875
1245.6375,936.0,945.6375
1247.0875,930.0,947.0875
1248.0375,882.0,948.0375
1248.6625,844.0,948.6625
1249.175,884.0,949.175
1249.525,942.0,949.525
1248.9625,969.0,948.9625
1248.1,975.0,948.1
1247.2625,979.0,947.2625
1246.75,985.0,946.75
1246.475,987.0,946.475
1246.625,1002.0,946.625
1247.125,988.0,947.125
1248.6375,963.0,948.6375
1250.9375,935.0,950.9375
1252.6375,915.0,952.6375
1253.175,892.0,953.175
1253.0125,934.0,953.0125
1252.7,961.0,952.7
1252.75,957.0,952.75
1253.2625,968.0,953.2625
1254.1625,979.0,954.1625
1253.7875,995.0,953.7875
1253.1125,1007.0,953.1125
1252.95,1018.0,952.95
1253.5875,1028.0,953.5875
1254.4,1037.0,954.4
1255.0375,1039.0,955.0375
1255.775,1031.0,955.775
1256.4,1033.0,956.4
1256.525,1037.0,956.525
1256.425,1042.0,956.425
1255.8125,1042.0,955.8125
1254.3625,1048.0,954.3625
1252.9625,1051.0,952.9625
1251.8,1046.0,951.8
1250.775,1039.0,950.775
1249.7375,1048.0,949.7375
1247.8,1043.0,947.8
1246.05,1031.0,946.05
1244.85,1017.0,944.85
1243.225,1011.0,943.225
1241.675,1008.0,941.675
1241.1,1002.0,941.1
1241.4625,996.0,941.4625
1241.4375,944.0,941.4375
1240.925,929.0,940.925
1240.475,920.0,940.475
1240.0125,932.0,940.0125
1239.475,940.0,939.475
1238.475,970.0,938.475
1236.8375,994.0,936.8375
1235.075,1017.0,935.075
1233.775,1027.0,933.775
1232.7625,1002.0,932.7625
1232.3125,963.0,932.3125
1232.5,931.0,932.5
1233.2875,916.0,933.2875
1233.725,936.0,933.725
1234.075,923.0,934.075
1234.725,925.0,934.725
1235.2,857.0,935.2
1235.3,867.0,935.3
1234.9625,907.0,934.9625
1234.525,933.0,934.525
1233.8125,905.0,933.8125
1232.7625,879.0,932.7625
1231.825,858.0,931.825
1230.5875,849.0,930.5875
1229.9625,857.0,929.9625
1229.625,836.0,929.625
1229.375,817.0,929.375
1229.05,782.0,929.05
1228.725,782.0,928.725
1228.45,784.0,928.45
1228.3375,787.0,928.3375
1228.375,787.0,928.375
1228.4125,774.0,928.4125
1228.4125,788.0,928.4125
1228.575,814.0,928.575
1228.8875,806.0,928.8875
1229.375,806.0,929.375
1229.9375,836.0,929.9375
1230.6625,873.0,930.6625
1231.3125,882.0,931.3125
1231.8375,901.0,931.8375
1232.9,933.0,932.9
1234.075,938.0,934.075
1235.275,936.0,935.275
1236.2125,905.0,936.2125
1236.925,856.0,936.925
1237.125,861.0,937.125
1236.8375,884.0,936.8375
1236.075,882.0,936.075
1235.4625,899.0,935.4625
1235.3,930.0,935.3
1235.275,955.0,935.275
1235.8,969.0,935.8
1236.7625,989.0,936.7625
1237.5625,1009.0,937.5625
1238.5375,1006.0,938.5375
1239.525,987.0,939.525
1241.3125,968.0,941.3125
1242.825,972.0,942.825
1243.75,961.0,943.75
1244.1375,944.0,944.1375
1244.9125,962.0,944.9125
1245.7875,940.0,945.7875
1246.3,981.0,946.3
1246.85,1006.0,946.85
1247.775,1017.0,947.775
1248.25,1016.0,948.25
1248.9875,1016.0,948.9875
1250.3875,1026.0,950.3875
1252.2875,1042.0,952.2875
1254.525,1049.0,954.525
1256.8,1042.0,956.8
1258.9625,1048.0,958.9625
1261.0875,1056.0,961.0875
1262.3125,1056.0,962.3125
1262.7125,1056.0,962.7125
1262.7,1056.0,962.7
1262.4375,1066.0,962.4375
1262.175,1054.0,962.175
1261.85,1038.0,961.85
1261.4125,1029.0,961.4125
1261.3625,1023.0,961.3625
1260.1125,1016.0,960.1125
1258.125,1007.0,958.125
1256.45,997.0,956.45
1255.7125,986.0,955.7125
1256.4875,971.0,956.4875
1257.475,956.0,957.475
1258.3875,978.0,958.3875
1259.55,989.0,959.55
1260.45,961.0,960.45
1260.75,973.0,960.75
1260.2625,993.0,960.2625
1259.3375,1000.0,959.3375
1258.325,1001.0,958.325
1257.575,1004.0,957.575
1256.45,1000.0,956.45
1255.2,988.0,955.2
1254.375,981.0,954.375
1253.7125,964.0,953.7125
1253.425,967.0,953.425
1253.775,949.0,953.775
1253.825,899.0,953.825
1254.35,893.0,954.35
1254.5375,931.0,954.5375
1254.55,874.0,954.55
1254.475,876.0,954.475
1254.3125,894.0,954.3125
1253.95,934.0,953.95
1253.2375,963.0,953.2375
1252.6,969.0,952.6
1251.9625,960.0,951.9625
1251.1125,944.0,951.1125
1250.35,886.0,950.35
1249.7,846.0,949.7
1249.1625,805.0,949.1625
1248.725,785.0,948.725
1248.325,815.0,948.325
1247.875,847.0,947.875
1247.625,847.0,947.625
1247.6,897.0,947.6
1247.8,833.0,947.8
1248.2375,779.0,948.2375
1248.7,802.0,948.7
1249.275,846.0,949.275
1249.525,918.0,949.525
1250.1875,940.0,950.1875
1251.25,957.0,951.25
1252.4,975.0,952.4
1253.125,971.0,953.125
1253.575,954.0,953.575
1254.2375,916.0,954.2375
1254.65,895.0,954.65
1254.7875,908.0,954.7875
1254.675,949.0,954.675
1254.375,916.0,954.375
1254.2125,887.0,954.2125
1254.4125,902.0,954.4125
1254.5875,919.0,954.5875
1254.875,938.0,954.875
1255.4875,972.0,955.4875
1256.0375,966.0,956.0375
1256.6125,982.0,956.6125
1257.525,996.0,957.525
1258.3375,1007.0,958.3375
1258.6125,1011.0,958.6125
1259.6,1003.0,959.6
1260.2375,987.0,960.2375
1260.725,969.0,960.725
1260.925,991.0,960.925
1260.85,998.0,960.85
1260.9375,974.0,960.9375
1261.1875,987.0,961.1875
1261.5,1004.0,961.5
1262.35,1013.0,962.35
1263.3625,1021.0,963.3625
1264.55,1024.0,964.55
1265.75,1030.0,965.75
1267.075,1034.0,967.075
1267.725,1036.0,967.725
1268.5375,1045.0,968.5375
1268.2,1058.0,968.2
1268.6625,1053.0,968.6625
1269.6375,1053.0,969.6375
1269.6625,1017.0,969.6625
1269.3375,1039.0,969.3375
1268.9375,1056.0,968.9375
1268.325,1048.0,968.325
1267.5,1036.0,967.5
1266.875,1025.0,966.875
1266.0375,1014.0,966.0375
1264.6125,1006.0,964.6125
1263.4125,1004.0,963.4125
1262.7625,991.0,962.7625
1261.6125,977.0,961.6125
1260.4875,991.0,960.4875
1260.275,1016.0,960.275
1260.15,1002.0,960.15
1259.875,1004.0,959.875
1259.575,1013.0,959.575
1259.6,1011.0,959.6
1259.3625,995.0,959.3625
1258.925,972.0,958.925
1258.65,958.0,958.65
1258.425,953.0,958.425
1258.1375,953.0,958.1375
1257.6875,927.0,957.6875
1257.3625,933.0,957.3625
1257.0,950.0,957.0
1256.7125,957.0,956.7125
1256.55,976.0,956.55
1256.25,980.0,956.25
1256.275,969.0,956.275
1256.075,954.0,956.075
1255.925,927.0,955.925
1255.85,900.0,955.85
1255.775,881.0,955.775
1255.725,921.0,955.725
1255.575,899.0,955.575
1255.375,912.0,955.375
1254.95,870.0,954.95
1254.2375,870.0,954.2375
1253.45,857.0,953.45
1252.7625,804.0,952.7625
1252.2125,820.0,952.2125
1252.25,886.0,952.25
1252.075,891.0,952.075
1251.8375,891.0,951.8375
1251.8375,925.0,951.8375
1252.0125,904.0,952.0125
1252.1,840.0,952.1
1252.025,820.0,952.025
1252.05,843.0,952.05
1252.3625,816.0,952.3625
1252.8625,859.0,952.8625
1253.65,899.0,953.65
1254.4625,877.0,954.4625
1254.975,880.0,954.975
1255.425,895.0,955.425
1255.6375,940.0,955.6375
1255.8125,953.0,955.8125
1255.9875,931.0,955.9875
1256.125,960.0,956.125
1256.7125,978.0,956.7125
1257.5625,984.0,957.5625
1258.525,975.0,958.525
1259.525,977.0,959.525
1260.725,958.0,960.725
1261.7375,946.0,961.7375
1262.4,978.0,962.4
1262.75,974.0,962.75
1262.95,976.0,962.95
1263.225,971.0,963.225
1263.5875,992.0,963.5875
1263.9125,1007.0,963.9125
1264.375,1015.0,964.375
1265.4875,1020.0,965.4875
1266.975,1018.0,966.975
1267.9625,1018.0,967.9625
1269.025,1002.0,969.025
1269.7125,988.0,969.7125
1270.5875,995.0,970.5875
1270.8875,998.0,970.8875
1271.475,1009.0,971.475
1273.2875,1020.0,973.2875
1274.6875,1025.0,974.6875
1274.4875,1037.0,974.4875
1273.95,1048.0,973.95
1273.9875,1050.0,973.9875
1273.1125,1032.0,973.1125
1272.1,1008.0,972.1
1272.0125,1008.0,972.0125
1272.0,1029.0,972.0
1272.25,1031.0,972.25
1273.45,1040.0,973.45
1274.45,1056.0,974.45
1274.95,1057.0,974.95
1275.45,1038.0,975.45
1275.55,1021.0,975.55
1275.525,1027.0,975.525
1274.65,1025.0,974.65
1272.975,1006.0,972.975
1271.7375,1019.0,971.7375
1270.2375,1026.0,970.2375
1268.6625,1030.0,968.6625
1266.875,1033.0,966.875
1265.6875,1023.0,965.6875
1265.2875,1014.0,965.2875
1265.0375,1003.0,965.0375
1264.2625,985.0,964.2625
1263.3125,992.0,963.3125
1262.825,1002.0,962.825
1262.5375,998.0,962.5375
1262.6125,980.0,962.6125
1262.5125,964.0,962.5125
1262.35,989.0,962.35
1262.1375,1000.0,962.1375
1261.625,1000.0,961.625
1261.1,984.0,961.1
1260.8,967.0,960.8
1260.85,940.0,960.85
1261.05,894.0,961.05
1261.0125,904.0,961.0125
1260.95,949.0,960.95
1260.9,932.0,960.9
1260.9,870.0,960.9
1261.0125,848.0,961.0125
1261.05,894.0,961.05
1260.9125,855.0,960.9125
1260.5875,823.0,960.5875
1260.3375,833.0,960.3375
1260.525,819.0,960.525
1260.95,863.0,960.95
1261.1125,912.0,961.1125
1261.275,939.0,961.275
1261.4375,939.0,961.4375
1261.525,917.0,961.525
1261.5,888.0,961.5
1261.65,893.0,961.65
1261.9125,870.0,961.9125
1262.1,819.0,962.1
1262.2,832.0,962.2
1262.825,840.0,962.825
1263.45,852.0,963.45
1264.0125,841.0,964.0125
1264.3625,880.0,964.3625
1264.55,945.0,964.55
1264.7375,938.0,964.7375
1264.9,884.0,964.9
1265.2875,902.0,965.2875
1266.05,935.0,966.05
1266.75,953.0,966.75
1267.325,977.0,967.325
1267.8625,984.0,967.8625
1268.2,994.0,968.2
1268.7875,998.0,968.7875
1269.125,979.0,969.125
1269.4125,976.0,969.4125
1269.6625,994.0,969.6625
1270.175,1006.0,970.175
1270.725,1004.0,970.725
1271.4125,992.0,971.4125
1272.625,993.0,972.625
1273.8375,1005.0,973.8375
1274.575,1020.0,974.575
1275.4375,1034.0,975.4375
1276.95,1040.0,976.95
1278.6,1037.0,978.6
1279.475,1024.0,979.475
1280.5625,1012.0,980.5625
1281.475,1023.0,981.475
1281.8875,1042.0,981.8875
1282.7,1042.0,982.7
1282.7125,1044.0,982.7125
1282.2625,1053.0,982.2625
1281.6625,1063.0,981.6625
1281.15,1055.0,981.15
1280.275,1050.0,980.275
1279.9625,1042.0,979.9625
1279.5875,1042.0,979.5875
1279.675,1033.0,979.675
1280.8625,1056.0,980.8625
1282.2875,1069.0,982.2875
1283.8375,1071.0,983.8375
1285.2375,1058.0,985.2375
1286.7875,1048.0,986.7875
1287.4125,1038.0,987.4125
1287.175,1027.0,987.175
1287.0125,1034.0,987.0125
1287.1125,1046.0,987.1125
1287.225,1048.0,987.225
1286.3625,1048.0,986.3625
1285.6,1041.0,985.6
1285.425,1007.0,985.425
1285.025,1011.0,985.025
1284.4625,1016.0,984.4625
1283.075,1023.0,983.075
1281.9,1020.0,981.9
1281.1625,1025.0,981.1625
1280.525,1011.0,980.525
1279.6,995.0,979.6
1279.0,991.0,979.0
1278.875,1001.0,978.875
1278.475,1008.0,978.475
1278.1625,1001.0,978.1625
1277.95,991.0,977.95
1277.675,980.0,977.675
1277.3375,964.0,977.3375
1277.025,942.0,977.025
1276.9625,896.0,976.9625
1277.25,866.0,977.25
1277.4625,884.0,977.4625
1277.45,864.0,977.45
1277.425,876.0,977.425
1277.325,891.0,977.325
1277.0625,898.0,977.0625
1276.675,847.0,976.675
1276.5875,863.0,976.5875
1276.625,863.0,976.625
1276.7125,877.0,976.7125
1276.7,914.0,976.7
1276.9,946.0,976.9
1276.8375,964.0,976.8375
1276.4,964.0,976.4
1275.8875,965.0,975.8875
1275.45,930.0,975.45
1274.9375,926.0,974.9375
1274.175,925.0,974.175
1273.55,892.0,973.55
1273.125,911.0,973.125
1272.4375,866.0,972.4375
1271.7625,892.0,971.7625
1271.225,963.0,971.225
1271.0875,952.0,971.0875
1271.675,949.0,971.675
1272.225,887.0,972.225
1272.675,885.0,972.675
1273.075,917.0,973.075
1273.5,943.0,973.5
1273.7375,932.0,973.7375
1274.05,956.0,974.05
1274.675,982.0,974.675
1275.35,961.0,975.35
1275.8875,980.0,975.8875
1276.2375,1003.0,976.2375
1276.6625,1012.0,976.6625
1277.175,1013.0,977.175
1277.625,1012.0,977.625
1278.225,1019.0,978.225
1279.0,1035.0,979.0
1280.1625,1040.0,980.1625
1281.525,1041.0,981.525
1282.5625,1040.0,982.5625
1283.75,1036.0,983.75
1284.675,1032.0,984.675
1285.2,1032.0,985.2
1285.6,1048.0,985.6
1286.7125,1053.0,986.7125
1287.525,1049.0,987.525
1288.375,1041.0,988.375
1288.65,1049.0,988.65
1289.175,1051.0,989.175
1289.525,1034.0,989.525
1289.4,1030.0,989.4
1288.525,1023.0,988.525
1288.0125,1007.0,988.0125
1287.85,977.0,987.85
1287.6375,977.0,987.6375
1287.725,1000.0,987.725
1288.5375,991.0,988.5375
1289.05,994.0,989.05
1290.3625,1005.0,990.3625
1291.35,1030.0,991.35
1291.65,1054.0,991.65
1292.1,1055.0,992.1
1292.325,1052.0,992.325
1293.325,1055.0,993.325
1294.475,1054.0,994.475
1295.2625,1044.0,995.2625
1295.7125,1036.0,995.7125
1296.0375,1045.0,996.0375
1296.025,1045.0,996.025
1295.8875,1044.0,995.8875
1296.125,1036.0,996.125
1295.375,1035.0,995.375
1294.775,1032.0,994.775
1294.4125,1016.0,994.4125
1294.1125,1012.0,994.1125
1293.725,1004.0,993.725
1293.2125,989.0,993.2125
1292.4625,975.0,992.4625
1291.6625,967.0,991.6625
1291.075,959.0,991.075
1290.4875,950.0,990.4875
1290.075,933.0,990.075
1289.7625,930.0,989.7625
1289.3625,936.0,989.3625
1288.6375,928.0,988.6375
1287.95,931.0,987.95
1287.4375,899.0,987.4375
1287.125,956.0,987.125
1286.8375,974.0,986.8375
1286.6875,954.0,986.6875
1286.9625,894.0,986.9625
1287.3375,924.0,987.3375
1287.7375,917.0,987.7375
1288.3625,909.0,988.3625
1289.525,932.0,989.525
1290.6875,957.0,990.6875
1291.475,952.0,991.475
1292.3625,971.0,992.3625
1293.0625,971.0,993.0625
1293.2625,987.0,993.2625
1293.0375,988.0,993.0375
1292.8375,967.0,992.8375
1292.6,967.0,992.6
1292.4,977.0,992.4
1292.3,980.0,992.3
1292.1,979.0,992.1
1291.7625,958.0,991.7625
1291.575,955.0,991.575
1291.5375,971.0,991.5375
1291.7,980.0,991.7
1292.0375,920.0,992.0375
1292.6,955.0,992.6
1293.1,983.0,993.1
1293.5375,989.0,993.5375
1294.1625,981.0,994.1625
1294.7625,978.0,994.7625
1295.35,975.0,995.35
1295.925,976.0,995.925
1296.6125,994.0,996.6125
1297.3125,993.0,997.3125
1297.9625,1003.0,997.9625
1298.5625,1007.0,998.5625
1299.425,1000.0,999.425
1300.3375,990.0,1000.3375
1301.275,998.0,1001.275
1302.3625,1008.0,1002.3625
1303.3125,1016.0,1003.3125
1304.4875,1026.0,1004.4875
1304.8875,1039.0,1004.8875
1305.1125,1056.0,1005.1125
1305.6375,1060.0,1005.6375
1306.9375,1055.0,1006.9375
1307.9125,1057.0,1007.9125
1308.825,1070.0,1008.825
1309.075,1070.0,1009.075
1308.9,1063.0,1008.9
1309.025,1062.0,1009.025
1308.5875,1050.0,1008.5875
1307.925,1021.0,1007.925
1307.2875,1012.0,1007.2875
1306.7125,1038.0,1006.7125
1306.2375,1036.0,1006.2375
1305.85,1036.0,1005.85
1305.6625,1047.0,1005.6625
1305.375,1038.0,1005.375
1305.4125,1017.0,1005.4125
1305.275,1021.0,1005.275
1305.4,1042.0,1005.4
1305.2375,1058.0,1005.2375
1305.2375,1071.0,1005.2375
1304.7875,1081.0,1004.7875
1304.4875,1075.0,1004.4875
1304.125,1067.0,1004.125
1303.3125,1066.0,1003.3125
1302.0375,1060.0,1002.0375
1301.2,1051.0,1001.2
1300.6125,1035.0,1000.6125
1299.7,1030.0,999.7
1298.7125,1023.0,998.7125
1297.2125,1011.0,997.2125
1296.2,998.0,996.2
1295.9375,1002.0,995.9375
1295.375,1003.0,995.375
1294.975,1011.0,994.975
1294.9125,1015.0,994.9125
1294.8125,1007.0,994.8125
1294.8625,993.0,994.8625
1294.8125,988.0,994.8125
1294.625,992.0,994.625
1294.4,996.0,994.4
1293.95,998.0,993.95
1293.2,1002.0,993.2
1292.3375,990.0,992.3375
1291.8625,929.0,991.8625
1291.2875,918.0,991.2875
1290.75,967.0,990.75
1290.4,917.0,990.4
1290.1375,918.0,990.1375
1290.0875,920.0,990.0875
1289.9875,941.0,989.9875
1290.225,950.0,990.225
1290.3375,936.0,990.3375
1290.7,952.0,990.7
1291.1,954.0,991.1
1291.325,983.0,991.325
1291.475,968.0,991.475
1291.75,968.0,991.75
1292.0375,942.0,992.0375
1292.025,971.0,992.025
1291.6625,944.0,991.6625
1291.3625,896.0,991.3625
1290.9375,926.0,990.9375
1290.6,918.0,990.6
1290.1375,887.0,990.1375
1289.8875,914.0,989.8875
1289.9,931.0,989.9
1289.9125,902.0,989.9125
1290.1375,897.0,990.1375
1290.5375,874.0,990.5375
1291.0,912.0,991.0
1291.5,982.0,991.5
1291.8125,962.0,991.8125
1291.7,968.0,991.7
1291.1625,985.0,991.1625
1290.9875,990.0,990.9875
1290.7375,1012.0,990.7375
1291.05,1012.0,991.05
1291.6125,1011.0,991.6125
1292.2125,1021.0,992.2125
1292.6125,1020.0,992.6125
1292.225,1000.0,992.225
1291.675,986.0,991.675
1291.625,1019.0,991.625
1291.925,1024.0,991.925
1293.1375,1027.0,993.1375
1294.4625,1035.0,994.4625
1294.9375,1041.0,994.9375
1295.45,1046.0,995.45
1296.0375,1013.0,996.0375
1296.275,1031.0,996.275
1296.2125,1047.0,996.2125
1296.225,1065.0,996.225
1295.85,1068.0,995.85
1294.65,1065.0,994.65
1293.725,1050.0,993.725
1292.9875,1039.0,992.9875
1292.875,1044.0,992.875
1292.4125,1041.0,992.4125
1291.8625,1029.0,991.8625
1290.825,1047.0,990.825
1290.3875,1047.0,990.3875
1290.3625,1048.0,990.3625
1290.6,1030.0,990.6
1291.025,1046.0,991.025
1291.8,1061.0,991.8
1292.2375,1052.0,992.2375
1292.175,1053.0,992.175
1292.4125,1062.0,992.4125
1292.2625,1060.0,992.2625
1292.225,1051.0,992.225
1292.1125,1023.0,992.1125
1291.5125,993.0,991.5125
1291.4625,960.0,991.4625
1291.4375,997.0,991.4375
1291.3375,995.0,991.3375
1290.8125,1032.0,990.8125
1289.4875,1038.0,989.4875
1288.05,1036.0,988.05
1286.1375,1024.0,986.1375
1284.425,965.0,984.425
1282.8375,954.0,982.8375
1282.2,998.0,982.2
1281.4625,1014.0,981.4625
1280.1625,1026.0,980.1625
1279.4875,1024.0,979.4875
1279.175,1005.0,979.175
1278.875,958.0,978.875
1278.2375,965.0,978.2375
1276.9375,939.0,976.9375
1276.0,936.0,976.0
1275.55,951.0,975.55
1274.65,906.0,974.65
1273.5875,856.0,973.5875
1272.35,880.0,972.35
1270.7625,924.0,970.7625
1269.425,959.0,969.425
1268.725,931.0,968.725
1268.3125,898.0,968.3125
1267.875,888.0,967.875
1267.35,909.0,967.35
1267.1,894.0,967.1
1267.1625,945.0,967.1625
1267.3625,952.0,967.3625
1267.825,949.0,967.825
1268.0875,949.0,968.0875
1268.2125,926.0,968.2125
1268.45,921.0,968.45
1268.4375,885.0,968.4375
1268.125,871.0,968.125
1267.8375,903.0,967.8375
1267.7625,934.0,967.7625
1268.05,958.0,968.05
1268.6875,966.0,968.6875
1269.825,977.0,969.825
1270.5875,948.0,970.5875
1271.4375,906.0,971.4375
1271.8125,897.0,971.8125
1272.025,858.0,972.025
1272.2375,884.0,972.2375
1272.5625,893.0,972.5625
1273.6,949.0,973.6
1274.6875,927.0,974.6875
1275.15,915.0,975.15
1275.4,970.0,975.4
1275.3625,1002.0,975.3625
1275.1375,1011.0,975.1375
1275.1625,990.0,975.1625
1275.625,942.0,975.625
1276.025,938.0,976.025
1276.7375,995.0,976.7375
1277.5375,975.0,977.5375
1278.05,980.0,978.05
1278.8375,969.0,978.8375
1279.775,938.0,979.775
1280.225,943.0,980.225
1280.7125,983.0,980.7125
1280.5,1011.0,980.5
1280.0625,1006.0,980.0625
1279.5375,987.0,979.5375
1279.2125,1027.0,979.2125
1279.025,1052.0,979.025
1279.4375,1064.0,979.4375
1279.6,1067.0,979.6
1279.4,1067.0,979.4
1278.5375,1071.0,978.5375
1277.3375,1071.0,977.3375
1276.4,1052.0,976.4
1275.4625,1037.0,975.4625
1275.725,1037.0,975.725
1276.675,1045.0,976.675
1277.325,1046.0,977.325
1277.7625,1044.0,977.7625
1277.9375,1051.0,977.9375
1277.825,1058.0,977.825
1277.4125,1063.0,977.4125
1277.325,1062.0,977.325
1277.7625,1055.0,977.7625
1277.9625,1053.0,977.9625
1277.8,1050.0,977.8
1276.425,1048.0,976.425
1274.95,1041.0,974.95
1273.1875,1035.0,973.1875
1272.0,1034.0,972.0
1270.9625,1023.0,970.9625
1269.3375,1006.0,969.3375
1267.2,1007.0,967.2
1264.625,995.0,964.625
1262.575,997.0,962.575
1260.9125,996.0,960.9125
1258.75,1000.0,958.75
1252.3875,992.0,952.3875
1245.35,969.0,945.35
1238.675,931.0,938.675
1234.8,916.0,934.8
1233.0875,963.0,933.0875
1228.925,942.0,928.925
1221.7375,896.0,921.7375
1213.45,856.0,913.45
1204.5625,862.0,904.5625
1195.825,894.0,895.825
1187.975,927.0,887.975
1184.025,958.0,884.025
1180.1,936.0,880.1
1175.9625,880.0,875.9625
1171.1125,853.0,871.1125
1166.1625,851.0,866.1625
1161.175,846.0,861.175
1156.35,906.0,856.35
1150.775,947.0,850.775
1145.075,955.0,845.075
1138.7625,969.0,838.7625
1133.075,972.0,833.075
1127.675,957.0,827.675
1122.05,944.0,822.05
1115.3125,941.0,815.3125
1109.825,941.0,809.825
1104.05,913.0,804.05
1098.7,845.0,798.7
1093.2,774.0,793.2
1087.675,775.0,787.675
1081.7375,808.0,781.7375
1075.85,832.0,775.85
1070.0,832.0,770.0
1064.0625,840.0,764.0625
1057.625,831.0,757.625
1049.2125,805.0,749.2125
1040.85,826.0,740.85
1034.525,809.0,734.525
1028.6125,765.0,728.6125
1023.325,486.0,723.325
1018.275,412.0,718.275
1012.85,446.0,712.85
1007.625,659.0,707.625
1002.2125,801.0,702.2125
997.5875,610.0,697.5875
992.8875,408.0,692.8875
988.575,348.0,688.575
984.5,295.0,684.5
980.575,288.0,680.575
977.2,399.0,677.2
972.5375,736.0,672.5375
967.575,750.0,667.575
962.7375,736.0,662.7375
958.175,679.0,658.175
954.0625,675.0,654.0625
950.825,672.0,650.825
947.2125,666.0,647.2125
942.9125,591.0,642.9125
938.2,581.0,638.2
933.5875,540.0,633.5875
928.7625,591.0,628.7625
924.3625,612.0,624.3625
919.775,601.0,619.775
915.325,519.0,615.325
910.5375,624.0,610.5375
904.7625,600.0,604.7625
899.525,627.0,599.525
894.475,613.0,594.475
889.725,608.0,589.725
885.175,573.0,585.175
881.65,570.0,581.65
878.0875,567.0,578.0875
874.55,559.0,574.55
870.775,508.0,570.775
866.5,333.0,566.5
862.2375,338.0,562.2375
858.625,489.0,558.625
854.5625,524.0,554.5625
850.2625,573.0,550.2625
846.3625,596.0,546.3625
846.775,558.0,546.775
847.65,551.0,547.65
847.95,498.0,547.95
845.2,546.0,545.2
839.85,587.0,539.85
836.7875,597.0,536.7875
836.625,570.0,536.625
837.4375,542.0,537.4375
838.8375,592.0,538.8375
840.125,521.0,540.125
839.4625,530.0,539.4625
834.1625,571.0,534.1625
828.7375,571.0,528.7375
824.1125,551.0,524.1125
820.5625,594.0,520.5625
817.3625,562.0,517.3625
815.575,502.0,515.575
812.425,529.0,512.425
809.4875,578.0,509.4875
805.8625,569.0,505.8625
802.6,617.0,502.6
799.3,605.0,499.3
795.125,601.0,495.125
791.275,561.0,491.275
788.875,479.0,488.875
785.6,522.0,485.6
783.0375,509.0,483.0375
779.0625,465.0,479.0625
774.95,410.0,474.95
771.35,493.0,471.35
768.875,523.0,468.875
766.5375,549.0,466.5375
763.425,530.0,463.425
760.2875,498.0,460.2875
758.1125,490.0,458.1125
758.2875,516.0,458.2875
758.5875,501.0,458.5875
756.5875,465.0,456.5875
754.1,453.0,454.1
751.05,519.0,451.05
747.775,482.0,447.775
745.1,470.0,445.1
742.6625,439.0,442.6625
741.0125,373.0,441.0125
738.0125,365.0,438.0125
734.25,395.0,434.25
731.1,413.0,431.1
728.425,407.0,428.425
726.0875,391.0,426.0875
722.725,346.0,422.725
720.125,312.0,420.125
716.9375,316.0,416.9375
713.675,366.0,413.675
710.8375,395.0,410.8375
707.8625,419.0,407.8625
703.9875,529.0,403.9875
700.2375,414.0,400.2375
698.0875,356.0,398.0875
695.2875,291.0,395.2875
691.3375,279.0,391.3375
687.475,327.0,387.475
683.125,278.0,383.125
678.8625,293.0,378.8625
674.7125,327.0,374.7125
671.0875,362.0,371.0875
665.1,395.0,365.1
658.575,309.0,358.575
652.2125,284.0,352.2125
646.4,320.0,346.4
641.275,375.0,341.275
635.1125,383.0,335.1125
628.575,318.0,328.575
621.7125,308.0,321.7125
615.0875,334.0,315.0875
608.8625,347.0,308.8625
602.7375,362.0,302.7375
596.2875,329.0,296.2875
590.025,325.0,290.025
584.2125,329.0,284.2125
578.55,334.0,278.55
572.0625,344.0,272.0625
566.0375,356.0,266.0375
560.1625,366.0,260.1625
554.675,306.0,254.675
550.0125,286.0,250.0125
545.45,345.0,245.45
540.5125,356.0,240.5125
535.35,355.0,235.35
530.2625,323.0,230.2625
525.375,313.0,225.375
521.05,275.0,221.05
517.15,310.0,217.15
513.2,344.0,213.2
508.625,313.0,208.625
503.6875,284.0,203.6875
498.45,262.0,198.45
472.35033767386483,330.0,191.8375
427.1020751490229,305.0,186.6625
382.5788126241881,262.0,182.2125
338.8680500993534,260.0,178.575
295.3072875745114,269.0,175.0875
251.1465250496767,264.0,171.0
207.59826252483472,269.0,167.525
163.8625,271.0,163.8625
